geneid,start
thrL,190
thrA,337
thrB,2801
thrC,3734
yaaX,5234
yaaA,5683
yaaJ,6529
talB,8238
mog,9306
satP,9928
yaaW,10643
mbiA,10830
yaaI,11382
dnaK,12163
dnaJ,14168
insL1,15445
mokC,16751
hokC,16751
nhaA,17489
nhaR,18715
insB1,19811
insA1,20233
rpsT,20815
yaaY,21181
ribF,21407
ileS,22391
lspA,25207
fkpB,25826
ispH,26277
rihC,27293
dapB,28374
carA,29651
carB,30817
caiF,34300
caiE,34781
caiD,35377
caiC,36271
caiB,37898
caiA,39244
caiT,40417
fixA,42403
fixB,43188
fixC,44180
fixX,45463
yaaU,45807
kefF,47246
kefC,47769
folA,49823
apaH,50380
apaG,51229
rsmA,51609
pdxA,52427
surA,53416
lptD,54755
djlA,57364
yabP,58474
yabQ,59121
rluA,59687
rapA,60358
polB,63429
araD,65855
araA,66835
araB,68348
araC,70387
yabI,71351
thiQ,72229
thiP,72911
thiB,74497
sgrR,75644
sgrT,77388
setA,77621
leuD,78848
leuC,79464
leuB,80867
leuA,81958
leuL,83622
leuO,84368
yabR,85467
ilvI,85630
ilvH,87357
cra,88028
mraZ,89634
rsmH,90094
ftsL,91032
ftsI,91413
murE,93166
murF,94650
mraY,96002
murD,97087
ftsW,98403
murG,99644
murC,100765
ddlB,102233
ftsQ,103155
ftsA,103982
ftsZ,105305
lpxC,106557
secM,107705
secA,108279
mutT,111044
yacG,111649
zapD,111856
coaE,112599
yacM,113244
guaC,113444
hofC,114522
hofB,115714
ppdD,117109
nadC,117752
ampD,118733
ampE,119281
aroP,120178
pdhR,122092
aceE,123017
aceF,125695
lpd,127912
yacH,129407
acnB,131615
yacL,134388
speD,134788
speE,135598
yacC,136570
cueO,137083
gcd,138835
hpt,141431
can,142008
yadG,142779
yadH,143702
yadI,144577
yadE,145081
panD,146314
rpnC,146968
panC,147944
panB,148807
yadC,149715
yadK,151003
yadL,151626
yadM,152243
htrE,152829
yadV,155461
yadN,156299
folK,157253
pcnB,157729
gluQ,159186
dksA,160149
sfsA,160782
thpR,161501
hrpB,162105
mrcB,164730
mrcB,164865
fhuA,167484
fhuC,169778
fhuD,170575
fhuB,171462
hemL,173602
yadX,175048
clcA,175107
yadW,176552
erpA,176610
yadS,177001
btuF,177662
mtn,178455
dgt,179237
degP,180884
cdaR,182463
yaeH,183709
yaeI,184257
dapD,185123
glnD,185978
map,188712
rpsB,189874
tsf,190857
pyrH,191855
frr,192872
dxr,193521
ispU,194903
cdsA,195677
rseP,196546
bamA,197928
skp,200482
lpxD,200971
fabZ,202101
lpxA,202560
lpxB,203348
rnhB,204493
dnaE,205126
accA,208621
ldcC,209679
yaeR,211877
tilS,212331
rof,213678
yaeP,213925
yaeQ,214291
arfB,214833
nlpE,215269
yaeF,216179
proS,217057
trmO,218887
rcsF,219591
metQ,220113
metI,220968
metN,221614
gmhB,222833
dkgB,229167
yafC,229967
yafD,231122
yafE,231926
mltD,232597
gloB,234027
ykfO,234288
yafS,234816
rnhA,235535
dnaQ,236067
yafT,237335
ykfM,238257
yafV,239419
ivy,240343
fadE,240859
gmhA,243543
yafJ,244327
dpaA,245065
yafQ,245961
dinJ,246242
yafL,246712
rayT,247637
dinB,250898
yafN,252005
yafO,252301
yafP,252709
pepD,254259
gpt,255977
frsA,256527
crl,257829
insB9,257923
insA9,258345
phoE,259045
proB,260388
proA,261503
ykfI,263328
yafW,263690
ykfH,264026
ykfG,264256
yafX,264748
ykfF,265304
ykfB,265620
yafY,266110
yafZ,267184
ykfA,268097
perR,269289
insN,270278
insI1,270603
ykfC,272847
insH1,274101
mmuP,275325
mmuM,276715
afuC,277756
insB2,279178
insA2,279600
yagB,280385
yagA,280829
yagE,282278
yagF,283201
yagG,285395
yagH,286789
xynR,288404
argF,289301
argL,290275
ykgS,290510
insB3,290649
insA3,291071
yagJ,291500
yagK,292322
yagL,293220
yagM,293945
ykgV,294918
yagN,295139
intF,295696
yagP,297381
paoD,297770
paoC,298736
paoB,300931
paoA,301884
yagU,302991
ykgJ,303853
ecpE,304495
ecpD,305174
ecpC,306807
ecpB,309358
ecpA,310084
matA,310746
ykgL,312112
ykgO,312374
ykgM,312514
ykgR,313141
insE1,315291
insF1,315587
rclC,317726
rclB,318331
rclA,318676
rclR,320227
ykgE,321608
ykgF,322338
ykgG,323758
ykgH,324696
betA,325577
betB,327261
betI,328747
betT,329463
yahV,331802
pdeL,332371
yahB,333501
yahC,334525
yahD,335280
yahE,335925
yahF,336778
yahG,338325
yahH,339769
yahI,340165
yahJ,341125
yahK,342884
yahL,344176
yahM,345404
yahN,345666
yahO,346484
prpR,346857
prpB,348682
prpC,350012
prpD,351215
prpE,352706
codB,354922
codA,356171
cynR,357791
cynT,358799
cynS,359489
cynX,359992
lacA,361249
lacY,361926
lacZ,363231
lacI,366428
mhpR,367587
mhpA,368611
mhpB,370277
mhpC,371239
mhpD,372115
mhpF,372921
mhpE,373868
mhpT,375459
yaiL,376772
frmB,377535
frmA,378462
frmR,379606
yaiO,380069
yaiX,380844
insC1,381351
insD1,381674
yaiP,382739
ykiC,383960
yaiS,384059
tauA,385232
tauB,386207
tauC,386971
tauD,387795
hemB,388753
yaiT,390251
ytiB,391592
insF2,391739
insE2,392602
iprA,394506
ampH,395130
sbmA,396639
yaiW,397872
yaiY,399025
yaiZ,399593
ddlA,399829
iraP,401386
phoA,401747
psiF,403281
dgcC,403703
proC,404835
yaiI,405764
aroL,406405
yaiA,406979
aroM,407428
ppnP,408177
ykiD,408947
rdgC,409108
mak,410144
araJ,411297
sbcC,412607
sbcD,415750
phoB,417142
phoR,417889
brnQ,419591
proY,420986
malZ,422518
acpH,424337
queA,425011
tgt,426137
yajC,427287
secD,427647
secF,429505
yajD,430605
tsx,431129
yajI,432312
nrdR,433002
ribD,433455
ribE,434647
nusB,435137
thiL,435634
pgpA,436589
yajO,437161
dxs,438315
ispA,440202
xseB,441101
thiI,441549
yajL,443051
panE,443604
yajQ,444683
yajR,445302
cyoE,446815
cyoD,447717
cyoC,448046
cyoB,448650
cyoA,450663
ampG,452070
yajG,453589
bolA,454472
tig,455133
clpP,456677
clpX,457426
lon,458888
hupB,461451
ppiD,461915
ybaV,463937
fadM,464402
queC,464852
ybaE,465612
cof,467412
decR,468383
mdlA,468871
mdlB,470636
glnK,472598
amtB,472966
tesB,474301
ybaY,475379
ybaZ,475982
ybaA,476672
pdeB,477067
ylaC,478781
maa,479367
hha,480090
tomB,480334
acrB,481254
acrA,484426
acrR,485761
mscK,486536
ybaM,490110
priC,490285
ybaN,490882
apt,491412
dnaX,492092
dnaX,492092
ybaB,494076
recR,494405
htpG,495120
adk,497175
hemH,498055
aes,499014
gsk,500125
ybaL,501562
fsr,503476
ushA,504914
ybaK,506603
ybaP,507286
ybaQ,508218
copA,508875
copA,511168
glsA,511641
ybaT,512576
cueR,513993
ybbJ,514401
qmcA,514856
fetA,515919
fetB,516583
cnoX,517425
ybbO,518340
tesA,519139
ybbA,519733
ybbP,520416
rhsD,523261
ybbC,527581
ylbG,529645
selU,530132
allS,531295
allA,532451
allR,533011
gcl,533916
hyi,535710
glxR,536586
ybbW,537633
allB,539147
ybbY,540565
glxK,541888
allE,543261
allC,544057
allD,545314
fdrA,546680
ylbE,548357
ylbF,549627
ybcF,550439
purK,551527
purE,552591
lpxH,553218
ppiB,553943
cysS,554611
ybcI,556032
ybcJ,556661
folD,556875
sfmA,558212
sfmC,558974
sfmD,559697
sfmH,562336
sfmF,563330
fimZ,563848
intD,564815
renD,566684
insE3,566842
insF3,567138
emrE,568315
ylcJ,568695
ybcK,568902
ybcL,570893
ybcM,571454
ylcH,572368
ybcN,572466
ninE,572921
ybcO,573084
rusA,573371
ylcG,573730
quuD,573956
nmpC,574529
insH2,574737
essD,577398
rrrD,577613
rzpD,578107
rzoD,578327
borD,578600
ybcV,579184
ybcW,579880
ylcI,580251
nohD,580834
tfaD,581534
tfaX,582875
appY,583681
ompT,584680
envY,586147
ybcH,587091
nfrA,587982
nfrB,590941
cusS,593328
cusR,594760
cusC,595600
cusF,597131
cusB,597479
cusA,598714
pheP,601959
ybdG,603416
nfsB,604771
ybdF,605518
ybdJ,605951
ybdK,606265
hokE,607836
insL2,608065
entD,609459
fepA,610254
fes,612737
ybdZ,613942
entF,614157
fepE,618254
fepC,619384
fepG,620196
fepD,621185
entS,622300
fepB,623554
entC,624885
entE,626070
entB,627694
entA,628551
entH,629300
cstA,629894
ybdD,632182
hcxA,632389
ybdL,633586
ybdM,634747
ybdN,635349
ybdO,636716
dsbG,637827
ahpC,638945
ahpF,639753
uspG,641439
ybdR,642088
yldA,643330
rnk,643557
rna,644197
citT,645117
citG,646631
citX,647484
citF,648039
citE,649582
citD,650487
citC,650798
dpiB,652235
dpiA,653862
dcuC,654583
pagP,656557
cspE,657292
crcB,657555
tatE,658947
lipA,659251
ybeF,660425
lipB,661637
ybeD,662379
dacA,662752
rlpA,664102
mrdB,665201
mrdA,666316
rlmH,668248
rsfS,668719
cobC,669296
nadD,669931
holA,670574
lptE,671605
leuS,672201
ybeL,675018
ybeQ,675570
ybeR,676711
djlB,677415
ybeT,678852
ybeU,679508
djlC,680212
hscC,681723
rihA,683477
gltL,684530
gltK,685255
gltJ,685929
gltI,686839
insH3,687997
lnt,689343
ybeX,690906
ybeY,691874
ybeZ,692338
miaB,693531
ubiF,695101
asnB,697513
umpH,699574
nagC,700374
nagA,701603
nagB,702811
nagE,703944
glnS,706093
chiP,708334
chiQ,709790
fur,710200
uof,710639
fldA,710935
ybfE,711605
ybfF,712038
seqA,712987
pgm,713558
ybfP,715412
potE,716946
speF,718262
speFL,720718
kdpE,721056
kdpD,721730
kdpC,724407
kdpB,724988
kdpA,727059
kdpF,728732
ybfA,729134
rhsC,729583
ybfB,733776
ybfC,735650
ybfQ,736445
ybfD,738092
ybgA,739001
phr,739507
dtpD,741075
ybgI,742827
pxpB,743593
pxpC,744243
pxpA,745165
nei,745935
abrB,746723
ybgO,747921
ybgP,748979
ybgQ,749722
ybgD,752229
gltA,753185
ybgV,754658
ybgU,754674
sdhC,755177
sdhD,755560
sdhA,755907
sdhB,757689
sucA,758706
sucB,761522
sucC,763014
sucD,764180
mngR,765153
mngA,765984
mngB,767978
cydA,771458
cydB,773042
cydX,774196
ybgE,774309
ybgC,774752
tolQ,775153
tolR,775849
tolA,776342
tolB,777740
pal,779067
cpoB,779598
nadA,782085
pnuC,783166
zitB,783882
ybgS,784937
aroG,785633
gpmA,786843
galM,787797
galK,788831
galT,789983
galE,791039
modF,792316
modE,793856
acrZ,794773
modA,795089
modB,795862
modC,796554
ybhA,797613
pgl,798586
ybhD,799622
ybhH,800759
ybhI,801887
ybhJ,803503
ybhC,805998
ybhB,807433
bioA,807968
bioB,809344
bioF,810381
bioC,811522
bioD,812270
uvrB,813526
ybhK,815739
moaA,817044
moaB,818055
moaC,818570
moaD,819048
moaE,819295
ybhL,819884
ybhM,820793
ybhN,821542
clsB,822498
ybhP,823736
ybhQ,824630
ybhR,825002
ybhS,826119
ybhF,827245
ybhG,828974
cecR,829972
rhlE,830872
ybiA,832468
dinG,833070
ybiB,835248
hcxB,836351
ybiE,837503
ybiJ,837665
ybiI,838190
ybiX,838530
fiu,839249
mcbA,841796
rlmF,842332
ybiO,843255
glnQ,845741
glnP,846460
glnH,847258
dps,848408
rhtA,849210
yliM,850332
ompX,850450
opgE,851014
mntS,852869
mntR,853183
ybiR,853647
ldtB,854824
ybiT,855963
ybiU,857796
ybiV,859213
ybiW,860174
ybiY,862612
fsaA,863642
moeB,864380
moeA,865129
iaaA,866568
gsiA,867520
gsiB,869411
gsiC,870967
gsiD,871890
pdeI,872979
dgcI,875335
rimO,876710
bssR,878248
yliI,878742
gstB,879854
dacC,880727
deoR,881976
ybjG,882792
mdfA,883673
ybjH,884946
ybjI,885316
ybjJ,886131
rcdA,887423
ybjL,888134
ybjM,890089
grxA,890496
ybjC,890913
nfsA,891184
rimK,891967
ybjN,892957
potF,893784
potG,894991
potH,896134
potI,897084
ybjO,897989
rlmC,898518
artJ,899844
artM,900866
artQ,901534
artI,902257
artP,903006
ybjP,903952
ybjQ,904593
amiD,904913
ybjS,905740
ybjT,906852
ltaE,908293
poxB,909331
hcr,911182
hcp,912162
lysO,913958
aqpZ,915352
ybjD,916473
ybjX,918128
macA,919235
macB,920347
cspD,922366
yljB,922740
clpS,922913
clpA,923264
infA,926225
aat,926728
cydC,927474
cydD,929196
trxB,931085
lrp,932595
ftsK,933224
lolA,937372
rarA,937994
serS,939428
dmsA,940959
dmsB,943414
dmsC,944033
ycaC,944931
ycaD,945871
ycaM,947229
ycaN,948660
ycaK,949668
pflA,950340
pflB,951272
focA,953609
ycaO,954872
ycaP,956762
serC,957653
aroA,958812
ycaL,960264
cmk,961201
rpsA,961995
ihfB,963828
ycaI,964320
msbA,966621
lpxK,968366
ycaQ,969389
ycaR,970673
kdsB,970852
ycbJ,971752
elyC,972622
cmoM,973537
mukF,974319
mukE,975622
mukB,976326
ldtD,981047
mepK,983075
gloC,983650
aspC,984519
ompF,985894
asnS,987585
pncB,989154
pepN,990622
ssuB,993277
ssuC,994041
ssuD,994843
ssuA,995985
ssuE,996937
elfA,997868
elfD,998490
elfC,999216
elfG,1001807
ycbU,1002889
ycbV,1003439
ycbF,1003947
pyrD,1004768
zapC,1005952
ycbX,1006491
rlmL,1007844
uup,1009964
pqiA,1012001
pqiB,1013259
pqiC,1014896
rmf,1015715
fabA,1015952
ycbZ,1016539
matP,1018485
ompA,1019013
sulA,1020410
sxy,1021138
yccS,1021730
yccF,1023902
helD,1024471
mgsA,1026557
yccT,1027111
yccU,1027946
hspQ,1028404
rlmI,1028779
yccX,1030064
tusE,1030339
yccA,1030759
hyaA,1032139
hyaB,1033254
hyaC,1035066
hyaD,1035770
hyaE,1036354
hyaF,1036749
appC,1037740
appB,1039296
appX,1040445
appA,1040617
etk,1042030
etp,1044230
gfcE,1044664
gfcD,1045849
gfcC,1047945
gfcB,1048688
gfcA,1049439
insA4,1049833
insB4,1050027
cspH,1050963
cspG,1051461
ymcF,1051684
ymcE,1051847
gnsA,1052067
yccM,1052289
torS,1053434
torT,1056261
torR,1057262
torC,1058084
torA,1059256
torD,1061799
cbpM,1062550
cbpA,1062855
yccE,1064036
agp,1065585
yccJ,1066864
wrbA,1067112
ymdF,1068081
rutG,1068511
rutF,1069860
rutE,1070365
rutD,1070965
rutC,1071773
rutB,1072171
rutA,1072863
rutR,1074242
putA,1074920
ymdG,1079120
putP,1079305
efeO,1082243
efeB,1083376
phoH,1084992
pgaD,1086106
pgaC,1086521
pgaB,1087839
pgaA,1089866
dgcT,1092876
insF4,1094275
insE4,1095138
ycdU,1095843
ghrA,1097886
ycdX,1098879
ycdY,1099640
ycdZ,1100296
csgG,1100851
csgF,1101711
csgE,1102152
csgD,1102546
csgB,1103951
csgA,1104447
csgC,1104961
ymdA,1105414
ymdB,1105820
clsC,1106355
opgC,1107784
opgG,1109335
opgH,1110863
yceK,1113579
msyB,1113807
mdtG,1114264
lpxL,1115662
trhO,1116807
yceI,1117901
yceJ,1118480
yceO,1119307
solA,1119468
bssS,1120701
dinI,1121242
pyrC,1121561
yceB,1122713
grxB,1123407
mdtH,1124118
rimJ,1125562
yceH,1126157
yceM,1126806
murJ,1127839
flgN,1129414
flgM,1129835
flgA,1130204
flgB,1131018
flgC,1131438
flgD,1131854
flgE,1132574
flgF,1133802
flgG,1134729
flgH,1135564
flgI,1136274
flgJ,1137371
flgK,1138378
flgL,1140033
rne,1141182
yceQ,1144502
rluC,1144940
yceF,1146011
yceD,1146794
rpmF,1147367
plsX,1147621
fabH,1148759
fabD,1149728
fabG,1150670
acpP,1151615
fabF,1151939
pabC,1153300
mltG,1154112
tmk,1155124
holB,1155762
ycfH,1156777
ptsG,1157869
fhuE,1159362
hinT,1161885
ycfL,1162247
lpoB,1162638
thiK,1163260
nagZ,1164095
ycfP,1165143
ndh,1166085
ycfJ,1167599
comR,1168200
bhsA,1169073
ldtC,1169412
mfd,1170518
ycfT,1174092
lolC,1175427
lolD,1176619
lolE,1177320
nagK,1178593
cobB,1179520
cobB,1179631
ycfZ,1180479
ymfA,1181264
potD,1181783
potC,1182826
potB,1183617
potA,1184458
pepT,1185844
roxA,1187119
phoQ,1188316
phoP,1189776
purB,1190616
hflD,1191990
mnmA,1192667
nudJ,1193827
rluE,1194298
icd,1195123
ymfD,1196867
ymfE,1197533
lit,1198695
intE,1199679
xisE,1200787
ymfH,1201069
ymfI,1201497
ymfJ,1201776
ymfK,1202259
ymfT,1203024
ymfL,1203268
ymfM,1203822
ymfN,1204170
ymfR,1205549
beeE,1205731
ymfQ,1206913
ycfK,1207501
tfaP,1208132
tfaE,1208517
pinE,1209685
mcrA,1210346
iraM,1211680
ymgK,1212260
ymgL,1212540
ycgX,1212703
bluR,1213328
bluF,1214264
ycgZ,1215789
ymgA,1216068
ariR,1216369
ymgC,1216748
pdeG,1217328
ymgF,1218983
ymgD,1222305
ymgG,1222644
ymgI,1222990
ymgJ,1223264
minE,1224279
minD,1224549
minC,1225385
ycgJ,1226600
pliG,1227071
ymgN,1227368
ycgL,1227681
ycgM,1228079
ycgN,1228815
hlyE,1229483
umuD,1230767
umuC,1231186
dsbB,1232500
nhaB,1233176
fadR,1234938
ycgB,1235709
dadA,1237571
dadX,1238879
ymgM,1240260
cvrA,1240335
ldcA,1242166
emtA,1243180
ycgR,1243793
ymgE,1244728
ycgY,1245160
treA,1245679
dhaM,1247696
dhaL,1249125
dhaK,1249768
dhaR,1251066
ycgV,1253085
ychF,1256721
pth,1257929
ychH,1258791
dauA,1259124
prs,1260928
ispE,1262026
lolB,1262877
hemA,1263714
prfA,1265012
prmC,1266094
ychQ,1266924
ychA,1267320
kdsA,1268165
ldrA,1269168
ldrB,1269703
ldrC,1270238
chaA,1270749
chaB,1272119
chaC,1272507
ychN,1273246
ychO,1273784
narL,1275179
narX,1275822
narK,1277957
narG,1279864
narH,1283604
narJ,1285139
narI,1285849
ychS,1286709
tpr,1287087
purU,1287782
ychJ,1288674
rssA,1289245
rssB,1290242
galU,1291457
hns,1292509
tdk,1293527
adhE,1295446
ychT,1298514
ychE,1298598
insH21,1299567
oppA,1301182
oppB,1302899
oppC,1303834
oppD,1304754
oppF,1305764
yciU,1306821
clsA,1307185
yciY,1308788
kch,1309016
yciI,1310569
tonB,1311089
yciA,1311848
yciB,1312351
yciC,1312920
ompW,1314020
yciE,1314718
yciF,1315270
yciG,1315856
trpA,1316416
trpB,1317222
trpC,1318427
trpD,1319789
trpE,1321384
trpL,1323038
rnm,1323220
yciO,1324098
yciQ,1324746
rluB,1326852
btuR,1327767
yciK,1328354
sohB,1329332
yciN,1330417
topA,1331048
cysB,1333855
ymiA,1335148
yciX,1335291
ymiC,1335572
acnA,1335831
ribA,1338570
pgpB,1339330
lapA,1340243
lapB,1340558
pyrF,1341921
yciH,1342658
osmB,1343110
yciT,1343597
yciZ,1344436
ymiD,1344647
pdeR,1344757
ymiB,1346796
rnb,1346978
yciW,1348980
fabI,1350251
ycjD,1351407
sapF,1351828
sapD,1352636
sapC,1353628
sapB,1354505
sapA,1355467
ymjA,1357423
puuP,1357802
ymjE,1359177
puuA,1359490
puuD,1361120
puuR,1361911
puuC,1362743
puuB,1364232
puuE,1365550
pspF,1366935
pspA,1368079
pspB,1368801
pspC,1369025
pspD,1369393
pspE,1369689
ycjM,1370216
ycjN,1371909
ycjO,1373222
ycjP,1374090
ycjQ,1374963
ycjR,1376034
ycjS,1376832
ycjT,1377884
ycjU,1380148
ompG,1381947
ycjW,1382963
ycjX,1384117
ycjF,1385511
tyrR,1386720
tpx,1388305
ycjG,1388930
mpaA,1389870
ymjC,1390680
ymjD,1390868
ycjY,1390933
pgrR,1391991
mppA,1393227
ynaI,1394891
insH4,1396112
ynaJ,1397365
uspE,1397672
fnr,1398774
ogt,1399721
abgT,1400247
abgB,1401810
abgA,1403255
abgR,1404741
smrA,1405979
dgcM,1406563
ynaN,1407989
zntB,1408050
ynaL,1409308
dbpA,1409511
ttcA,1411013
intR,1412000
xisR,1413237
rcbA,1413531
ralR,1413733
recT,1413984
recE,1414786
racC,1417488
ydaE,1417838
kilR,1418008
sieB,1418671
ydaF,1419156
ydaG,1419322
racR,1419765
ydaS,1420365
ydaT,1420684
ydaU,1421119
ydaV,1421983
ydaW,1422752
rzoR,1423400
trkG,1423782
ynaK,1425377
ydaY,1425621
ynaA,1426454
lomR,1427389
insH5,1427746
stfR,1429049
tfaR,1432411
pinR,1433084
ynaE,1433991
ynaM,1434293
uspF,1435185
ompN,1435760
ydbK,1437260
ydbJ,1441058
hslJ,1441321
ldhA,1441854
ydbH,1443051
ynbE,1445687
ydbL,1445880
feaR,1446378
feaB,1447519
tynA,1449076
paaZ,1451597
paaA,1453927
paaB,1454868
paaC,1455164
paaD,1455925
paaE,1456430
paaF,1457497
paaG,1458264
paaH,1459054
paaI,1460471
paaJ,1460893
paaK,1462125
paaX,1463539
paaY,1464471
ynbG,1465165
ydbA,1465392
insD2,1467921
insC2,1468784
insI2,1469358
pdxI,1474221
ydbD,1475144
ynbA,1477621
ynbB,1478226
ynbC,1479138
ynbD,1480909
azoR,1482255
hrpA,1483061
ydcF,1487235
aldA,1488232
cybB,1490902
ydcA,1491677
yncP,1491876
hokB,1491922
mokB,1491962
trg,1492470
ydcI,1494148
ydcJ,1495288
opgD,1496856
ydcH,1498651
rimL,1498938
ydcK,1499469
tehA,1500573
tehB,1501562
ydcL,1502457
insQ,1503657
ydcO,1504905
sutR,1506172
rlhA,1506781
yncJ,1508834
hicA,1509286
hicB,1509508
ydcR,1510003
ydcS,1511654
ydcT,1512817
ydcU,1513831
ydcV,1514762
patD,1515578
yncL,1517099
ortT,1517389
ydcY,1517648
ydcZ,1517882
mnaT,1518328
curA,1519027
mcbR,1520262
yncD,1520963
yncE,1523307
ansP,1524481
yncG,1526247
yncH,1526940
ydcD,1529922
yncO,1530319
ydcC,1531816
pptA,1533052
yddH,1533282
nhoA,1534024
yddE,1534965
narV,1535937
narW,1536614
narY,1537309
narZ,1538850
narU,1542672
yddK,1544758
yddL,1545738
yddG,1546288
fdnG,1547401
fdnH,1550461
fdnI,1551338
yddM,1552398
adhP,1552828
maeA,1553972
sra,1555826
bdm,1556065
osmC,1556625
ddpF,1557112
ddpD,1558031
ddpC,1559014
ddpB,1559907
ddpA,1560931
ddpX,1562495
dosP,1563334
dosC,1565758
yddY,1567178
digH,1567504
gadC,1568954
gadB,1570645
pqqL,1572407
yddB,1575247
yddA,1577657
yneP,1579545
ydeM,1579633
ydeN,1580842
ydeO,1582926
safA,1583762
ydeP,1584207
ydeQ,1586820
ydeR,1587793
ydeS,1588309
ydeT,1588853
hipA,1590854
hipB,1592176
lsrK,1598617
lsrR,1600288
lsrA,1601490
lsrC,1603019
lsrD,1604047
lsrB,1605051
lsrF,1606100
lsrG,1606999
tam,1607346
yneE,1608108
uxaB,1609229
dgcF,1610907
yneG,1611966
glsB,1612325
sad,1613315
yneJ,1614804
yneK,1615763
ydeA,1617028
marC,1618243
marR,1619120
marA,1619574
marB,1619989
eamA,1620238
ydeE,1621332
mgtS,1622646
mgtT,1622741
dgcZ,1622960
ydeI,1624105
ydeJ,1624773
dcp,1625335
ydfG,1627517
rspR,1628352
ydfZ,1629215
ydfI,1629453
ydfJ,1631002
ynfT,1632890
ydfK,1633072
pinQ,1633622
tfaQ,1634310
stfQ,1634885
nohA,1635798
ynfO,1636756
ydfO,1637047
gnsB,1637609
ynfN,1637954
ynfR,1638188
ynfQ,1638256
cspI,1638455
rzpQ,1639030
rzoQ,1639080
rrrQ,1639524
ydfR,1640054
essQ,1640370
ynfU,1640805
cspB,1641339
cspF,1641855
ynfS,1642122
ydfT,1642489
ydfU,1643255
rem,1644651
hokD,1645119
relE,1645346
relB,1645633
ydfV,1645897
flxA,1646405
ydfW,1647174
ydfX,1647346
dicC,1647620
dicA,1647934
ydfA,1648508
ydfB,1648665
ydfC,1648823
dicB,1649609
ydfD,1649794
ynfP,1652728
rspB,1652896
rspA,1653927
ynfA,1655347
ynfB,1655808
speG,1656184
ynfC,1656747
ynfD,1657565
ynfE,1658069
ynfF,1660556
ynfG,1662990
ynfH,1663609
dmsD,1664506
clcB,1665315
bidA,1666524
mlc,1667344
ynfL,1668699
ynfM,1669699
asr,1671376
ydgU,1671777
ydgD,1671960
mdtI,1672820
mdtJ,1673136
mdtU,1673608
tqsA,1673913
pntB,1674972
pntA,1676371
ydgH,1678427
ydgI,1679557
folM,1680976
ydgC,1681695
rstA,1682159
rstB,1682882
tus,1684259
fumC,1685185
fumA,1686731
manA,1688576
ydgA,1689852
uidC,1691586
uidB,1692890
uidA,1694260
uidR,1696462
hdhA,1697273
malI,1698152
malX,1699355
malY,1700957
add,1702233
ydgJ,1703268
blr,1704551
cnu,1704949
ydgK,1705250
rsxA,1705767
rsxB,1706348
rsxC,1706919
rsxD,1709142
rsxG,1710204
rsxE,1710828
nth,1711523
dtpA,1712769
gstA,1714377
pdxY,1715026
tyrS,1715948
pdxH,1717351
mliC,1718066
anmK,1718493
slyB,1719876
slyA,1720390
ydhI,1721025
ydhJ,1721264
ydhK,1722121
sodC,1724134
ydhF,1724736
ydhL,1725681
nemR,1726023
nemA,1726659
gloA,1727837
rnt,1728347
lhr,1729087
grxD,1733754
mepH,1734435
sodB,1735378
ydhP,1736121
cydH,1737456
purR,1737844
punR,1738866
punC,1739911
cfa,1741413
ribC,1742601
mdtK,1743457
ydhQ,1744871
ydhR,1746700
ydhS,1747131
ydhT,1748747
ydhU,1749563
ydhX,1750345
ydhW,1751077
ydhV,1751728
ydhY,1753851
fumD,1754932
ynhH,1755496
pykF,1755698
lpp,1757421
ldtE,1757721
sufE,1758874
sufS,1759303
sufD,1760520
sufC,1761766
sufB,1762522
sufA,1764018
ydiH,1764934
menI,1765222
ydiJ,1765629
ydiK,1769074
ydiL,1770615
ydiM,1771071
ydiN,1772512
ydiB,1773789
aroD,1774686
ydiF,1775587
ydiO,1777196
ydiP,1778390
ydiQ,1779617
ydiR,1780401
ydiS,1781395
ydiT,1782681
fadK,1782977
ppsA,1784734
ppsR,1787445
aroH,1788435
ydiE,1789613
selO,1789808
rflP,1791307
nlpC,1792267
btuD,1792809
btuE,1793558
btuC,1794172
ihfA,1795253
pheT,1795557
pheS,1797959
pheM,1799226
rplT,1799393
rpmI,1799802
infC,1800096
thrS,1800642
yniD,1805165
ydiY,1805325
pfkB,1806370
ydiZ,1807400
yniA,1807796
yniB,1808697
hxpB,1809380
ydjM,1810211
tcyP,1810934
ydjO,1812329
cedA,1813421
katE,1813867
chbG,1816386
chbF,1817148
chbR,1818605
chbA,1819455
chbC,1819856
chbB,1821299
osmE,1821918
nadE,1822458
cho,1823515
ves,1824362
spy,1825140
astE,1825955
astB,1826916
astD,1828256
astA,1829731
astC,1830762
xthA,1832428
ydjX,1833401
ydjY,1834116
ydjZ,1834808
ynjA,1835515
ynjB,1836073
ynjC,1837212
ynjD,1838747
ynjE,1839467
ynjF,1840783
nudG,1841490
ynjH,1841863
gdhA,1842371
ynjI,1843831
topB,1844999
selD,1846965
ydjA,1848125
sppA,1848837
ansA,1850860
pncA,1851887
ydjE,1852621
ydjF,1854096
ydjG,1854991
ydjH,1855981
ydjI,1856933
ydjJ,1857790
ydjK,1858850
ydjL,1860256
yeaC,1861702
msrB,1862016
gapA,1862771
yeaD,1863850
yeaE,1864782
mipA,1865726
yeaG,1866908
yeaH,1868955
cdgI,1870385
dgcJ,1872041
yeaK,1873574
yoaI,1874078
yeaL,1874352
nimR,1874755
nimT,1875673
yeaO,1876909
yoaF,1877278
dgcP,1877715
yoaK,1878773
yoaJ,1878874
yeaQ,1879007
yoaG,1879403
yeaR,1879589
leuE,1880121
dmlR,1880886
dmlA,1881912
yeaV,1883188
yeaW,1884665
yeaX,1885845
rnd,1886864
fadD,1888061
yeaY,1889951
tsaB,1890572
yoaA,1891325
yoaB,1893367
yoaC,1894133
yoaH,1894552
pabB,1894805
nudL,1896170
sdaA,1896932
pdeD,1898427
yoaE,1900029
yoaL,1901573
manX,1902048
manY,1903082
manZ,1903895
yobD,1904801
mntP,1905688
rlmA,1906251
cspC,1907226
yobF,1907448
yebO,1908261
mgrB,1908623
yobH,1908925
kdgR,1909308
yebQ,1910276
htpX,1911695
prc,1912768
proQ,1914836
msrC,1915631
letA,1916258
letB,1917510
rsmF,1920223
yebV,1921780
yebW,1922121
pphA,1922313
yebY,1923365
yebZ,1923719
yobA,1924595
holE,1925108
yobB,1925440
exoX,1926120
ptrB,1926779
yebE,1929048
yebF,1930034
yebG,1930457
purT,1930881
eda,1932115
edd,1932793
zwf,1934839
yebK,1936652
pykA,1937649
lpxM,1939222
mepM,1940313
znuA,1941651
znuC,1942662
znuB,1943414
ruvB,1944346
ruvA,1945365
yobI,1946115
yebB,1946251
ruvC,1946855
yebC,1947411
nudB,1948180
aspS,1948750
yecD,1950832
yecE,1951395
yecN,1952266
cmoA,1952702
cmoB,1953442
torZ,1954578
torY,1957032
cutC,1958520
yecM,1959280
argS,1960062
yecV,1961837
yecT,1961972
flhE,1962580
flhA,1962972
flhB,1965043
cheZ,1966393
cheY,1967048
cheB,1967452
cheR,1968504
tap,1969383
tar,1971030
cheW,1972836
cheA,1973360
cheA,1973360
motB,1975329
motA,1976252
flhC,1977266
flhD,1977847
insB5,1978518
insA5,1978940
uspC,1979753
otsA,1980188
otsB,1981587
araH,1982554
araG,1983555
araF,1985139
ftnB,1986925
yecJ,1987507
azuC,1987873
yecR,1988222
ftnA,1988716
yecH,1989251
tyrP,1989681
yecA,1990954
pgsA,1992269
uvrC,1992874
uvrY,1994703
yecU,1995655
yecF,1995818
sdiA,1996110
tcyN,1997062
tcyL,1997811
dcyD,1998494
tcyJ,1999585
fliZ,2000473
fliA,2001070
fliC,2002110
fliD,2003872
fliS,2005303
fliT,2005713
amyA,2006156
yedD,2007677
yedE,2008277
yedF,2009479
yedK,2009821
yedL,2010600
fliE,2012700
fliF,2013229
fliG,2014880
fliH,2015868
fliI,2016554
fliJ,2017946
fliK,2018386
fliL,2019618
fliM,2020087
fliN,2021088
fliO,2021504
fliP,2021869
fliQ,2022616
fliR,2022893
rcsA,2023968
dsrB,2024635
yodD,2024986
yedP,2025511
dgcQ,2026323
yodC,2028188
yedI,2028449
yedA,2029539
vsr,2030448
dcm,2030899
yedJ,2032384
drpB,2033119
hchA,2035835
hprS,2036794
hprR,2038152
hiuH,2038956
msrP,2039478
msrQ,2040483
zinT,2041375
yodB,2042368
mtfA,2043651
yeeJ,2044938
shiA,2053643
amn,2055061
yeeN,2056858
yeeO,2058203
cbl,2059964
nac,2061016
ldtA,2062391
cobT,2063388
cobS,2064479
cobU,2065219
insH6,2066305
yoeA,2068635
insD3,2068952
insC3,2069815
flu,2071539
yeeR,2074779
yeeS,2076308
yeeT,2076817
cbeA,2077112
cbtA,2077569
yeeW,2077940
yoeF,2078575
tmaR,2079032
yoeJ,2079427
yeeA,2079533
sbmC,2080789
dacD,2081381
sbcB,2082756
tsuB,2084226
tsuA,2084467
plaP,2085704
yoeI,2087052
yeeY,2087329
yeeZ,2088304
yoeB,2089211
yefM,2089462
hisL,2089996
hisG,2090192
hisD,2091097
hisC,2092398
hisB,2093468
hisH,2094535
hisA,2095125
hisF,2095844
hisI,2096614
wzzB,2097321
ugd,2098447
gnd,2099862
wbbL,2101396
insH7,2101895
wbbK,2103391
wbbJ,2104494
wbbI,2105065
wbbH,2106060
glf,2107226
rfbX,2108337
rfbC,2109581
rfbA,2110138
rfbD,2111077
rfbB,2111976
galF,2113434
wcaM,2114502
wcaL,2115907
wcaK,2117124
wzxC,2118680
wcaJ,2120160
cpsG,2121609
cpsB,2123084
wcaI,2124523
gmm,2125743
fcl,2126225
gmd,2127193
wcaF,2128340
wcaE,2128904
wcaD,2129661
wcaC,2130853
wcaB,2132067
wcaA,2132558
wzc,2133490
wzb,2135655
wza,2136104
yegH,2137902
asmA,2139759
dcd,2141634
udk,2142307
dgcE,2143266
alkA,2146692
yegD,2147674
yegI,2149039
yegJ,2151185
pphC,2151711
yegL,2152469
ibsA,2153349
ibsB,2153681
mdtA,2154016
mdtB,2155263
mdtC,2158386
mdtD,2161464
baeS,2162876
baeR,2164276
yegP,2165189
trhP,2165668
ogrK,2167302
yegR,2167989
yegS,2168712
gatR,2169693
insE5,2170236
insF5,2170532
gatD,2171833
gatB,2174282
gatA,2174597
gatZ,2175059
gatY,2176350
fbaB,2177512
yegT,2178821
yegU,2180095
yegV,2181096
yegW,2182035
yegX,2182833
thiD,2183716
thiM,2184513
rcnR,2185524
rcnA,2185917
rcnB,2186960
yehA,2187380
yehB,2188430
yehC,2190926
yehD,2191680
yehE,2192515
mrp,2193059
metG,2194300
yehF,2196474
yehI,2200279
yehK,2203972
yehL,2204596
yehM,2205695
yehP,2207967
yehQ,2209100
yehR,2211225
yehS,2211726
btsR,2212243
btsS,2212959
mlrA,2214866
yohO,2215657
yehW,2215745
yehX,2216481
yehY,2217400
osmF,2218564
bglX,2219692
dld,2222185
pbpG,2223938
yohC,2225044
yohD,2225801
yohF,2226509
yohP,2228982
dusC,2229438
yohJ,2230624
yohK,2231019
cdd,2231844
sanA,2232878
yeiS,2233600
preT,2234033
preA,2235265
mglC,2236743
mglA,2237769
mglB,2239350
galS,2240628
yeiB,2241810
folE,2242984
yeiG,2243910
cirA,2244778
lysP,2247063
yeiE,2248737
yeiH,2249717
nfo,2250840
yeiI,2251700
nupX,2252895
rihB,2254245
yeiL,2255355
psuT,2256085
psuG,2257429
psuK,2258355
fruA,2259719
fruK,2261427
fruB,2262365
setB,2263863
yeiW,2265041
yeiP,2265450
yeiQ,2266245
yeiR,2267829
lpxT,2268854
mepS,2269979
pdeN,2270726
yejA,2272364
yejB,2274179
yejE,2275273
yejF,2276300
yejG,2277893
bcr,2278570
rsuA,2279788
radD,2280632
rplY,2282517
yejK,2282940
yejL,2284129
lapC,2284376
yejO,2286390
insH8,2289065
narP,2290500
ccmH,2291358
ccmG,2292407
ccmF,2292961
ccmE,2294901
ccmD,2295377
ccmC,2295583
ccmB,2296362
ccmA,2297021
napC,2297657
napB,2298269
napH,2298715
napG,2299565
napA,2300267
napD,2302750
napF,2303003
yojO,2303606
eco,2303905
mqo,2305108
yojI,2306972
alkB,2308691
ada,2309341
ftp,2310479
ompC,2311646
rcsD,2313488
rcsB,2316177
rcsC,2317027
atoS,2320043
atoC,2321866
atoD,2323447
atoA,2324109
atoE,2324756
atoB,2326109
yfaP,2327367
yfaQ,2328148
yfaT,2334336
yfaA,2334956
gyrA,2336793
ubiG,2339567
yfaL,2340417
ypaB,2344594
nrdA,2344865
yoaM,2347350
nrdB,2347384
yfaE,2348514
inaA,2348822
glpQ,2349935
glpT,2351016
glpA,2352647
glpB,2354265
glpC,2355521
rpnE,2356904
yfaU,2358042
yfaV,2358863
rhmD,2360209
yfaX,2361429
yfaY,2362431
yfaZ,2363733
nudI,2364554
ais,2365018
arnB,2365910
arnC,2367071
arnA,2368039
arnD,2370018
arnT,2370908
arnE,2372557
arnF,2372892
pmrD,2373272
menE,2373648
menC,2375000
menB,2375962
menH,2376834
menD,2377589
menF,2379348
elaB,2380722
elaA,2381082
rbn,2381608
elaD,2382713
yfbK,2383995
yfbL,2385860
yfbM,2386934
yfbN,2387710
yfbO,2388635
yfbP,2389116
nuoN,2390048
nuoM,2391512
nuoL,2393205
nuoK,2395043
nuoJ,2395342
nuoI,2395908
nuoH,2396465
nuoG,2397439
nuoF,2400218
nuoE,2401552
nuoC,2402055
nuoB,2403951
nuoA,2404629
lrhA,2405703
alaA,2407561
yfbR,2408862
yfbS,2409520
hxpA,2411439
yfbU,2412100
yfbV,2412677
ackA,2413470
pta,2414747
yfcC,2417081
yfcD,2418634
yfcE,2419234
yfcF,2419841
yfcG,2420621
folX,2421325
yfcH,2421708
rpnB,2422649
hisP,2423736
hisM,2424517
hisQ,2425230
hisJ,2426006
argT,2427009
ubiX,2428057
purF,2428721
cvpA,2430275
dedD,2431022
folC,2431674
accD,2433012
dedA,2434082
truA,2434824
usg,2435636
pdxB,2436715
flk,2437950
yfcJ,2438942
fabB,2440385
mnmC,2441764
yfcL,2443891
epmC,2444203
yfcA,2444751
mepA,2445560
aroC,2446388
prmB,2447508
smrB,2448606
yfcO,2449228
yfcP,2450051
yfcQ,2450587
yfcR,2451072
yfcS,2451584
yfcV,2455083
sixA,2456327
fadJ,2457015
fadI,2459159
yfcZ,2460650
fadL,2461306
yfdF,2463012
mlaA,2464252
yfdC,2465301
intS,2466545
yfdG,2467855
yfdH,2468214
yfdI,2469131
yodE,2470497
yfdK,2471077
yfdM,2472112
yfdN,2472387
yfdO,2472878
yfdP,2473604
yfdQ,2474032
yfdR,2474984
yfdS,2475511
yfdT,2475873
ypdJ,2476094
torI,2476310
dsdC,2476694
dsdX,2477847
dsdA,2479202
emrY,2480638
emrK,2482176
evgL,2483729
evgA,2483755
evgS,2484374
yfdE,2488023
yfdV,2489242
oxc,2490256
frc,2492004
yfdX,2493767
ypdI,2494698
yfdY,2495050
lpxP,2495645
ypdK,2496921
alaC,2497057
pyrS,2498671
pyrR,2500383
ypdC,2501130
fryA,2501990
ypdE,2504510
ypdF,2505547
fryC,2506647
fryB,2507916
glk,2508461
yfeO,2509630
ypeC,2511001
mntH,2511468
ypeD,2512687
nupC,2513042
insL3,2514331
pdeA,2515643
yfeC,2518467
yfeD,2518813
gltX,2519257
xapR,2521593
xapB,2522729
xapA,2524045
yfeN,2525127
yfeR,2525930
yfeH,2526946
ypeB,2527941
ligA,2528161
zipA,2530247
cysZ,2531463
cysK,2532409
ptsH,2533764
ptsI,2534066
crr,2535834
pdxK,2536386
yfeK,2537342
yfeS,2537749
cysM,2538672
cysA,2539717
cysW,2540804
cysU,2541679
cysP,2542512
ucpA,2543832
murR,2544752
murQ,2545773
murP,2546673
yfeW,2548102
yfeX,2549646
yfeY,2550641
yfeZ,2551277
ypeA,2551713
amiA,2552352
hemF,2553225
eutR,2554130
eutK,2555228
eutL,2555741
eutC,2556410
eutB,2557318
intZ,2558858
yffL,2560257
yffM,2561368
yffN,2561625
yffO,2562111
yffP,2562524
yffQ,2563592
yffR,2563980
yffS,2564523
eutA,2565481
eutH,2566881
eutG,2568324
eutJ,2569501
eutE,2570348
eutN,2571763
eutM,2572157
eutD,2572489
eutT,2573502
eutQ,2574302
eutP,2574978
eutS,2575470
maeB,2576098
talA,2578666
tktB,2579636
ypfG,2581734
nudK,2582903
aegA,2583546
narQ,2585731
acrD,2587595
ypfM,2590807
yffB,2591247
dapE,2591607
ypfN,2592762
ypfH,2593072
tmcA,2593844
ypfJ,2595874
purC,2596905
bamC,2597831
dapA,2598882
gcvR,2599906
bcp,2600478
hyfA,2601201
hyfB,2601818
hyfC,2603847
hyfD,2604811
hyfE,2606262
hyfF,2606917
hyfG,2608487
hyfH,2610164
hyfI,2610706
hyfJ,2611457
hyfR,2611900
focB,2613934
yfgO,2614820
bepA,2616094
yfgD,2617578
hda,2618075
uraA,2618871
upp,2620246
purM,2621197
purN,2622234
ppk,2623044
ppx,2625115
pdeF,2626695
yfgG,2629290
yfgH,2629792
yfgI,2630326
guaA,2630958
guaB,2632604
xseA,2634232
yfgJ,2635599
der,2635884
bamB,2637474
yfgM,2638663
hisS,2639301
ispG,2640686
rodZ,2641831
rlmN,2643129
ndk,2644433
pbpC,2645013
yfhM,2647326
sseA,2652494
timP,2654001
sseB,2654157
pepB,2655075
iscX,2656536
fdx,2656748
hscA,2657085
hscB,2658952
iscA,2659563
iscU,2659903
iscS,2660317
iscR,2661643
trmJ,2662583
suhB,2663442
yfhR,2664390
csiE,2665435
hcaT,2666707
hcaR,2668006
iroK,2668006
hcaE,2669032
hcaF,2670390
hcaC,2670908
hcaB,2671225
hcaD,2672047
yphA,2673346
yphB,2673816
yphC,2674700
yphD,2675827
yphE,2676850
yphF,2678384
yphG,2679464
yphH,2682863
glyA,2684254
hmp,2685835
glnB,2687070
glrR,2687469
qseG,2688793
glrK,2689671
purL,2691656
mltF,2695801
tadA,2697354
pgpC,2697915
yfhH,2698759
yfhL,2699663
shoB,2700117
acpS,2700618
pdxJ,2700998
recO,2701741
era,2702481
rnc,2703383
lepB,2704335
lepA,2705325
rseC,2707322
rseB,2707798
rseA,2708754
rpoE,2709437
rseD,2710009
nadB,2710420
yfiC,2712027
srmB,2712896
yfiE,2714439
eamB,2715423
grcA,2716066
ung,2716754
yfiF,2717491
trxC,2718735
tapT,2719223
patZ,2719953
pssL,2722702
pssA,2722727
yfiM,2724128
kgtP,2724448
yfiS,2725925
clpB,2731600
clpB,2731600
yfiH,2734303
rluD,2735031
bamD,2736146
raiA,2737154
pheL,2737599
pheA,2737745
tyrA,2738948
aroF,2740080
yfiL,2741360
yfiR,2741875
dgcN,2742383
yfiB,2743625
rplS,2744183
trmD,2744572
rimM,2745370
rpsP,2745937
ffh,2746434
ypjD,2747962
yfjD,2748774
grpE,2750115
nadK,2750831
recN,2751795
bamE,2753605
yfjF,2754008
ratA,2754288
smpB,2754896
intA,2756159
yfjH,2757644
alpA,2758644
yfjI,2758985
yfjJ,2760547
abpB,2761351
abpA,2763537
yfjM,2765513
rnlA,2765918
rnlB,2766984
yfjP,2767710
yfjQ,2768665
yfjR,2769703
ypjK,2770445
yfjS,2770681
yfjT,2771148
yfjU,2771840
yfjW,2773318
yfjX,2775919
yfjY,2776386
ypjJ,2776877
yfjZ,2777115
ypjF,2777453
ypjA,2778146
ypjB,2783638
ypjC,2784529
glaH,2788985
lhgD,2789982
gabD,2791273
gabT,2792735
gabP,2794253
glaR,2795674
kbp,2796337
yqaE,2796870
ygaV,2797211
ygaP,2797520
stpA,2798091
alaE,2799164
ygaC,2799650
ygaM,2800146
nrdH,2800723
nrdI,2800965
nrdE,2801348
nrdF,2803502
proV,2804815
proW,2806010
proX,2807132
ygaZ,2809617
ygaH,2810344
mprA,2810770
emrA,2811427
emrB,2812616
luxS,2814218
gshA,2814883
yqaA,2816512
yqaB,2816937
csrA,2818961
alaS,2819381
recX,2822139
recA,2822708
pncC,2823849
mltB,2824491
srlA,2825832
srlE,2826392
srlB,2827362
srlD,2827737
gutM,2828621
srlR,2829047
gutQ,2829813
norR,2830775
norV,2832476
norW,2833912
hypF,2835173
hydN,2837578
ascG,2838254
ascF,2839524
ascB,2840990
hycI,2842573
hycH,2843036
hycG,2843443
hycF,2844210
hycE,2844762
hycD,2846489
hycC,2847415
hycB,2849238
hycA,2849974
hypA,2850647
hypB,2851001
hypC,2851864
hypD,2852136
hypE,2853254
fhlA,2854338
ygbA,2856453
mutS,2857093
pphB,2859760
ygbI,2860467
ygbJ,2861430
ygbK,2862335
ygbL,2863593
ygbM,2864236
ygbN,2865101
rpoS,2866559
nlpD,2867614
pcm,2868893
umpG,2869513
truD,2870255
ispF,2871301
ispD,2871780
ftsB,2872509
ygbE,2873014
cysC,2873387
cysN,2873992
cysD,2875421
iap,2876581
cas2,2878569
cas1,2878855
casE,2879788
casD,2880374
casC,2881051
casB,2882155
casA,2882630
cas3,2884553
cysH,2887578
cysI,2888387
cysJ,2890099
queD,2892214
ygcN,2892657
ygcO,2893919
ygcP,2894196
ygcQ,2894919
ygcR,2895776
ygcS,2896533
ygcU,2897964
ygcW,2899488
yqcE,2900592
ygcE,2901896
queE,2904747
yqcG,2905557
ygcG,2905711
eno,2906643
pyrG,2908029
mazG,2909894
mazF,2910756
mazE,2911091
relA,2911417
rlmD,2913699
barA,2915057
gudD,2918045
gudX,2919406
gudP,2920748
yqcA,2922535
truC,2923002
yqcC,2923784
syd,2924735
queF,2925348
ppnN,2926308
sdaC,2928229
sdaB,2929576
ygdG,2931055
fucO,2931865
fucA,2933041
fucP,2934235
fucI,2935584
fucK,2937468
fucU,2938888
fucR,2939368
rlmM,2940143
ygdD,2941236
gcvA,2941650
ygdI,2942918
csdA,2943337
csdE,2944542
tcdA,2945036
mltA,2946081
amiC,2947757
argA,2949242
recD,2950635
recB,2952461
ptrA,2955996
recC,2959060
ppdC,2962441
ygdB,2962749
ppdB,2963153
ppdA,2963707
thyA,2964361
lgt,2965162
ptsP,2966188
rppH,2968447
ygdT,2969330
mutH,2969662
ygdQ,2970420
ygdR,2971271
tas,2971597
lplT,2972669
aas,2973855
galR,2976599
lysA,2977637
lysR,2979021
ygeA,2979943
araE,2980764
kduD,2982497
kduI,2983288
yqeF,2984411
yqeG,2985847
yqeH,2987536
yqeI,2988502
yqeJ,2989304
yqeL,2989819
yqeK,2989935
ygeG,2991268
ygeH,2992094
ygeI,2993638
insD4,2996372
insC4,2997235
ygeQ,2998034
actS,2999136
xdhA,3000345
xdhB,3002614
xdhC,3003489
ygeV,3004008
ygeW,3006262
ygeX,3007510
ygeY,3008764
hyuA,3010028
yqeA,3011461
yqeB,3012614
yqeC,3014287
mocA,3015160
ygfK,3016060
ssnA,3019161
ygfM,3020540
xdhD,3021316
xanQ,3024351
guaD,3025766
ghxQ,3027121
ygfS,3028524
ygfT,3029012
uacT,3031367
yqfG,3032817
yqfH,3032939
idi,3033065
lysS,3033657
prfB,3035184
recJ,3036373
dsbC,3038112
xerD,3038847
fldB,3039855
ygfX,3040416
sdhE,3040804
ygfZ,3041313
yqfA,3042489
yqfB,3043312
bglA,3043662
ygfF,3045158
gcvP,3046168
gcvH,3049160
gcvT,3049573
yqfI,3050958
ubiI,3051115
ubiH,3052340
pepP,3053515
ygfB,3054866
zapA,3055612
fau,3056241
ibsC,3056890
serA,3057178
rpiA,3058666
argP,3059753
scpA,3060850
argK,3062987
scpB,3063993
scpC,3064802
ygfI,3066277
yggE,3067340
argO,3068173
mscS,3068947
fbaA,3070165
pgk,3071459
epd,3072672
yggC,3073976
fumE,3074686
yggF,3075217
yggP,3076179
cmtA,3077471
cmtB,3078887
tktA,3079644
loiP,3081913
speB,3082877
speA,3083935
yqgB,3085920
yqgG,3086145
yqgC,3086187
yqgD,3086399
metK,3086706
galP,3088284
yggI,3089755
endA,3090347
rsmE,3091134
gshB,3091878
yqgE,3092937
yqgF,3093500
yggR,3094100
yggS,3095098
yggT,3095820
yggU,3096383
rdgB,3096681
hemW,3097267
yggM,3098558
ansB,3099682
yggN,3100904
yggL,3101807
trmB,3102133
mutY,3103013
yggX,3104093
mltC,3104433
nupG,3105714
speC,3107020
yqgH,3109317
yqgA,3109553
yghD,3110590
yghE,3111128
yqhJ,3111266
yghF,3112054
yghG,3113067
pppA,3113543
yghJ,3114550
glcA,3119597
glcB,3121634
glcG,3123827
glcF,3124236
glcE,3125470
glcD,3126522
glcC,3128272
yghO,3129043
insH9,3130214
yghQ,3131341
yghR,3132454
yghS,3133244
yghT,3134131
pitB,3134872
gss,3136663
yghU,3138727
hybG,3139716
hybF,3139977
hybE,3140311
hybD,3140792
hybC,3141286
hybB,3142986
hybA,3144154
hybO,3145143
yghW,3146450
yqhI,3147597
gpr,3147897
yqhA,3148977
yghA,3149662
exbD,3150818
exbB,3151250
metC,3152236
yghB,3153563
yqhC,3154262
yqhD,3155355
dkgA,3156623
yqhG,3157650
yqhH,3158627
ygiQ,3158927
ftsP,3161257
plsC,3162744
parC,3163715
ygiS,3166111
mqsA,3167851
mqsR,3168248
ygiV,3168749
ygiW,3169284
qseB,3169828
qseC,3170484
ygiZ,3171879
mdaB,3172530
ygiN,3173142
parE,3173504
yqiA,3175425
cpdA,3176006
yqiB,3176858
nudF,3177281
tolC,3178115
ygiB,3179744
ygiC,3180421
ygiD,3181619
zupT,3182550
yqiD,3183381
ribB,3183813
ubiK,3184840
ygiL,3185414
yqiG,3186025
insC5,3186187
insD5,3186510
yqiH,3189881
yqiI,3190632
glgS,3191739
yqiJ,3192208
yqiK,3192864
ibsD,3194766
ibsE,3195141
hldE,3195320
glnE,3196801
ygiF,3199664
ygiM,3201207
cca,3201891
bacA,3203310
folB,3204221
plsY,3204694
ttdR,3205324
ttdA,3206463
ttdB,3207371
ttdT,3208024
tsaD,3209530
rpsU,3210781
dnaG,3211107
rpoD,3213047
mug,3214967
nfeF,3215727
nfeR,3216779
aer,3217556
patA,3219494
ygjH,3220915
ebgR,3221466
ebgA,3222633
ebgC,3225722
ygjI,3226234
ygjJ,3227801
ygjK,3228888
fadH,3231665
higA,3233728
higB,3234141
rlmG,3234739
ygjP,3235960
ygjQ,3236540
ygjR,3237311
alx,3238580
sstT,3239944
ygjV,3241193
uxaA,3241827
uxaC,3243329
exuT,3245224
exuR,3246652
yqiM,3247668
yqjA,3247773
mzrA,3248439
yqjC,3248969
yqjD,3249375
yqjE,3249683
yqjK,3250077
yqjF,3250562
yqjG,3251024
yhaH,3252304
yhaI,3252911
yhaJ,3253318
yhaK,3254319
yhaL,3255043
cyuA,3255341
cyuP,3256679
tdcG,3258285
tdcF,3259721
tdcE,3260124
tdcD,3262452
tdcC,3263686
tdcB,3265039
tdcA,3266127
tdcR,3267380
yhaB,3267854
yhaC,3268415
garK,3270625
garR,3271867
garL,3272787
garP,3273573
garD,3275282
prlF,3277002
yhaV,3277337
agaR,3277856
kbaZ,3278914
agaV,3280217
agaS,3281976
kbaY,3283143
agaB,3284170
agaC,3284685
agaD,3285478
agaI,3286270
yraH,3287426
yraI,3288090
yraJ,3288814
yraK,3291341
rsmI,3292475
lpoA,3293400
yraN,3295394
diaA,3295809
dolP,3296409
yraQ,3297098
yraR,3298211
yhbO,3298974
yhbP,3299472
yhbQ,3299966
yhbS,3300255
ubiT,3300752
ubiU,3301485
ubiV,3302489
yhbW,3303448
mtr,3304573
deaD,3305971
yrbN,3307853
nlpI,3308040
pnp,3309033
rpsO,3311415
truB,3311833
rbfA,3312777
infB,3313342
infB,3313342
infB,3313342
nusA,3316039
rimP,3317554
argG,3318637
yhbX,3319988
secG,3322173
glmM,3322733
folP,3324063
ftsH,3325001
rlmE,3327035
yhbY,3327790
greA,3328239
dacB,3328963
obgE,3330582
yhbE,3331770
rpmA,3332862
rplU,3333140
ispB,3333710
sfsB,3334909
murA,3335235
ibaG,3336549
mlaB,3336963
mlaC,3337256
mlaD,3337910
mlaE,3338466
mlaF,3339256
yrbG,3340275
kdsD,3341266
kdsC,3342273
lptC,3342836
lptA,3343380
lptB,3343944
rpoN,3344717
hpf,3346173
ptsN,3346578
rapZ,3347115
npr,3347966
yrbL,3348452
mtgA,3349081
elbB,3349806
arcB,3350689
yhcC,3353121
gltB,3354725
gltD,3359198
gltF,3361176
yhcA,3362112
yhcD,3362807
yhcE,3365185
insH10,3365702
yhcF,3366926
yhcG,3367827
nanQ,3369014
nanK,3369475
nanE,3370347
nanT,3371084
nanA,3372683
nanR,3373698
dcuD,3374869
sspB,3376279
sspA,3376782
rpsI,3377815
rplM,3378223
zapE,3378870
zapG,3380191
degQ,3380743
degS,3382200
mdh,3383330
argR,3384703
yhcN,3385538
yhcO,3385857
aaeB,3386221
aaeA,3388194
aaeX,3389134
aaeR,3389520
tldD,3390583
yhdP,3392458
rng,3396326
yhdE,3397785
mreD,3398387
mreC,3398875
mreB,3400044
csrD,3401392
yhdH,3403484
accB,3405436
accC,3405917
yhdT,3407375
panF,3407607
prmA,3409070
dusB,3410280
fis,3411271
yhdJ,3411653
yhdU,3412621
envR,3412803
acrE,3413864
acrF,3415033
yhdV,3418390
yhdX,3420134
yhdY,3421325
yhdZ,3422436
yrdA,3429236
yrdB,3429766
aroE,3430020
tsaC,3430843
yrdD,3431420
smg,3431991
smf,3432436
def,3433690
fmt,3434214
rsmB,3435207
trkA,3436518
mscL,3438024
arfA,3438431
zntR,3438705
yhdN,3439141
rplQ,3439616
rpoA,3440040
rpsD,3441055
rpsK,3441709
rpsM,3442115
rpmJ,3442618
secY,3442766
rplO,3444105
rpmD,3444543
rpsE,3444726
rplR,3445244
rplF,3445607
rpsH,3446153
rpsN,3446579
rplE,3446899
rplX,3447453
rplN,3447778
rpsQ,3448314
rpmC,3448568
rplP,3448759
rpsC,3449182
rplV,3449901
rpsS,3450248
rplB,3450543
rplW,3451382
rplD,3451681
rplC,3452297
rpsJ,3452959
gspB,3453508
gspA,3453929
gspC,3455578
gspD,3456377
gspE,3458339
gspF,3459817
gspG,3461023
gspH,3461468
gspI,3461974
gspJ,3462344
gspK,3462924
gspL,3463922
gspM,3465082
gspO,3465543
bfr,3466249
bfd,3466797
chiA,3467160
tufA,3470145
fusA,3471400
rpsG,3473542
rpsL,3474178
tusB,3474678
tusC,3474973
tusD,3475332
yheO,3475718
fkpA,3476607
slyX,3477640
slyD,3477907
yheV,3478592
kefB,3478802
kefG,3480607
yheS,3481289
yheT,3483202
yheU,3484218
prkB,3484490
yhfA,3485414
crp,3486120
yhfK,3486791
argD,3488960
yrfJ,3490132
pabA,3490266
fic,3490861
yhfG,3491453
ppiA,3491725
tsgA,3492568
nirB,3494011
nirD,3496551
nirC,3497003
cysG,3497828
yhfL,3499448
frlA,3499910
frlB,3501268
frlC,3502340
frlD,3503167
frlR,3504052
yhfS,3504935
yhfT,3506032
yhfU,3507348
php,3507712
yhfW,3508587
yhfX,3509813
yhfY,3511060
yhfZ,3511439
trpS,3512634
gph,3513631
rpe,3514382
dam,3515077
damX,3516020
aroB,3517398
aroK,3518543
hofQ,3519465
hofP,3520615
hofO,3521009
hofN,3521433
hofM,3521972
mrcA,3522871
nudE,3525589
igaA,3526469
yrfG,3528669
hslR,3529348
hslO,3529774
yhgE,3530715
pck,3532818
envZ,3534516
ompR,3535865
greB,3536812
yhgF,3537385
feoA,3540163
feoB,3540407
feoC,3542728
rpnA,3543167
bioH,3544074
yhgH,3544882
nfuA,3545624
gntT,3546559
malQ,3547986
malP,3550080
malT,3553085
rtcA,3555833
rtcB,3556853
rtcR,3558268
glpG,3560622
glpE,3561497
glpD,3562013
yzgL,3563724
glgP,3564134
glgA,3566600
glgC,3568033
glgX,3569346
glgB,3571316
yhgO,3573660
yhgP,3573679
asd,3573775
yhgN,3575071
gntU,3575721
gntK,3577065
gntR,3577731
yhhW,3578950
yhhX,3579768
yhhY,3581138
yhhZ,3581863
yrhA,3583038
insA6,3583483
insB6,3583677
yrhD,3584404
yrhB,3584759
ggt,3585081
yhhA,3586943
ugpQ,3587370
ugpC,3588110
ugpE,3589182
ugpA,3590024
ugpB,3591009
livF,3592724
livG,3593439
livM,3594203
livH,3595477
livK,3596451
panZ,3597984
livJ,3598555
rpoH,3599929
ftsX,3601028
ftsE,3602079
ftsY,3602750
rsmD,3604393
yhhL,3604979
yhhM,3605251
yhhN,3605751
zntA,3606451
tusA,3608751
yhhQ,3609217
dcrB,3609955
yhhS,3610516
yhhT,3611865
acpT,3612969
nikA,3613667
nikB,3615241
nikC,3616182
nikD,3617015
nikE,3617776
nikR,3618588
rhsB,3619192
yhhH,3623399
yhhI,3624378
yhhJ,3625679
rbbA,3626803
yhiI,3629535
yhiY,3630665
yhiJ,3630968
yhiM,3634841
yhiN,3636208
pitA,3637642
uspB,3639385
uspA,3640111
yriA,3640612
yriB,3640643
dtpB,3640862
rsmJ,3642380
prlC,3643140
rlmJ,3645385
gor,3646299
dinQ,3647705
arsR,3648528
arsB,3648935
arsC,3650237
yhiS,3651291
insH11,3652182
slp,3653961
dctR,3654683
yhiD,3655255
hdeB,3655966
hdeA,3656408
hdeD,3656995
gadE,3658366
mdtE,3659232
mdtF,3660414
gadW,3663890
gadX,3664986
gadA,3666180
ccp,3667791
treF,3669592
yhjB,3671292
rcdB,3672414
yhjD,3673362
yhjE,3674786
yhjG,3676290
pdeH,3678420
kdgK,3679419
yhjJ,3680444
dctA,3682161
pdeK,3683630
bcsC,3685700
bcsZ,3689155
bcsB,3690268
bcsA,3692618
yhjR,3695997
bcsE,3696458
bcsF,3698026
bcsG,3698214
ldrD,3699980
yhjV,3700563
dppF,3701864
dppD,3702865
dppC,3703859
dppB,3704771
dppA,3706098
eptB,3708784
yhjX,3710799
yhjY,3712236
tag,3713092
yiaC,3713652
bisC,3714061
yiaD,3716547
ghrB,3717310
yiaF,3718334
yiaG,3719478
cspA,3720049
ysaE,3720400
hokA,3720448
insJ,3720680
insK,3721198
glyS,3722328
glyQ,3724407
ysaB,3725413
wecH,3725887
yiaA,3726924
yiaB,3727407
xylB,3727917
xylA,3729443
xylF,3731131
xylG,3732201
xylH,3733720
xylR,3734979
bax,3736353
baxL,3737177
malS,3737497
avtA,3739705
ysaA,3741109
plaR,3741684
yiaK,3742733
yiaL,3743743
yiaM,3744328
yiaN,3744804
yiaO,3746094
lyxK,3747084
sgbH,3748577
sgbU,3749232
sgbE,3750086
yiaT,3751128
yiaU,3751992
yiaV,3752963
yiaW,3754105
aldB,3754973
yiaY,3756676
selB,3758017
selA,3759858
yibF,3761347
rhsA,3762183
yibA,3766337
yibG,3768177
yibV,3769345
yibH,3770243
yibI,3771382
mtlA,3772281
mtlD,3774424
mtlR,3775572
yibT,3776171
yibL,3776665
lldP,3777399
lldR,3779054
lldD,3779827
trmL,3781215
cysE,3781741
gpsA,3782642
secB,3783661
grxC,3784191
yibN,3784584
gpmM,3785260
envC,3786838
yibQ,3788101
waaH,3789047
tdh,3790320
kbl,3791355
htrL,3792826
rfaD,3793987
waaF,3794929
waaC,3795979
waaL,3796948
yibX,3797772
yibX,3797772
yibY,3798039
waaU,3798239
waaZ,3799345
waaY,3800267
waaJ,3800983
waaO,3802039
waaB,3803058
waaS,3804181
waaP,3805153
waaG,3805943
waaQ,3807064
waaA,3808540
coaD,3809825
mutM,3810343
rpmG,3811250
rpmB,3811438
yicR,3811891
dfp,3812731
dut,3813929
slmA,3814494
pyrE,3815127
rph,3815863
yicC,3816676
dinD,3817760
yicG,3818874
ligB,3819488
gmk,3821428
rpoZ,3822106
spoT,3822400
trmH,3824515
recG,3825210
gltS,3827460
xanP,3828945
yicH,3830457
yicI,3832219
yicJ,3834547
setC,3836953
yicL,3838248
yicU,3838642
nlpA,3839175
yicS,3840215
nepI,3840549
yicN,3841950
adeQ,3842455
adeD,3843964
uhpT,3845776
uhpC,3847305
uhpB,3848634
uhpA,3850136
ilvN,3850802
ilvB,3851096
ivbL,3852890
tisB,3853553
ysdE,3853766
emrD,3853922
yidF,3855114
yidG,3855608
yidH,3855960
yidI,3856415
yidJ,3856911
yidK,3858401
yidL,3860283
glvB,3861987
glvC,3862497
yidP,3863899
yidE,3864612
ibpB,3866469
ibpA,3867009
yidQ,3867728
yidR,3868062
cbrA,3869377
dgoT,3870438
dgoD,3871850
dgoA,3872995
dgoK,3873596
dgoR,3874471
yidX,3875438
yidA,3876140
yidB,3877067
gyrB,3877705
recF,3880148
dnaN,3881221
dnaA,3882326
ysdD,3884026
rpmH,3884336
rnpA,3884493
yidD,3884816
yidC,3885076
mnmE,3886828
tnaC,3888435
tnaA,3888730
tnaB,3890236
mdtL,3891615
yidZ,3892765
yieE,3893881
yieF,3894652
adeP,3895272
yieH,3896774
cbrB,3897506
cbrC,3898022
yieK,3898671
yieL,3899408
bglH,3900604
bglB,3902289
bglF,3903720
bglG,3905731
phoU,3906853
pstB,3907593
pstA,3908549
pstC,3909439
pstS,3910485
glmS,3911839
glmU,3913830
atpC,3915553
atpD,3915993
atpG,3917402
atpA,3918316
atpH,3919870
atpF,3920418
atpE,3920950
atpB,3921236
atpI,3922060
rsmG,3923057
mnmG,3923744
mioC,3926012
asnC,3926545
asnA,3927155
viaA,3928152
ravA,3929597
kup,3931316
rbsD,3933351
rbsA,3933778
rbsC,3935288
rbsB,3936278
rbsK,3937294
rbsR,3938227
hsrA,3939185
yieP,3940635
hdfR,3947128
maoP,3948086
yifB,3948449
ilvL,3950322
ilvX,3950507
ilvM,3952201
ilvE,3952484
ilvD,3953478
ilvA,3955331
ilvY,3956927
ilvC,3957970
ppiC,3959532
rep,3960677
gpp,3962745
rhlB,3964365
trxA,3965761
rhoL,3966231
rho,3966417
rfe,3967916
wzzE,3969031
wecB,3970133
wecC,3971260
rffG,3972522
rffH,3973608
rffC,3974467
wecE,3975146
wzxE,3976278
wecF,3977525
wzyE,3978601
rffM,3979956
yifK,3980887
aslB,3982958
aslA,3984352
hemY,3986686
hemX,3987885
hemD,3989088
hemC,3989825
cyaA,3991153
cyaY,3993739
yzcX,3993850
yifL,3994522
dapF,3994762
yigA,3995583
xerC,3996287
yigB,3997183
uvrD,3997983
yigE,4000292
ysgD,4001218
corA,4001426
yigF,4002419
yigG,4002813
rarD,4003288
yigI,4004230
pldA,4004862
recQ,4005864
rhtC,4007757
rhtB,4008439
pldB,4009170
yigL,4010200
bioP,4011076
metR,4011863
metE,4013053
ysgA,4015354
udp,4016431
rmuC,4017333
ubiE,4018855
ubiJ,4019624
ubiB,4020226
tatA,4021945
tatB,4022218
tatC,4022736
tatD,4023554
rfaH,4024333
ubiD,4024988
fre,4026527
fadA,4027609
fadB,4028782
pepQ,4031161
yigZ,4032492
trkH,4033145
hemG,4034608
mobB,4040906
mobA,4041415
yihD,4042069
srkA,4042415
dsbA,4043418
yihF,4044199
yihG,4045670
polA,4046966
yihA,4050133
yihI,4051347
hemN,4052045
yshB,4053647
glnG,4053869
glnL,4055290
glnA,4056625
bipA,4058407
yihL,4060447
yihM,4061165
yihN,4062247
ompL,4063603
yihO,4064363
yihP,4065809
yihQ,4067240
yihR,4069475
yihS,4070515
yihT,4071773
yihU,4072675
yihV,4073739
csqR,4074669
yihX,4075553
yihY,4076146
dtd,4077015
fabY,4077449
yiiE,4079291
yiiF,4079751
fdhE,4080299
fdoI,4081225
fdoH,4081857
fdoG,4082772
fdhD,4086016
yiiG,4087002
frvR,4088107
frvX,4089855
frvB,4090915
frvA,4092377
rhaM,4093124
rhaD,4093448
rhaA,4094723
rhaB,4095979
rhaS,4097736
rhaR,4098646
rhaT,4099491
sodA,4100810
kdgT,4101690
yiiM,4102822
cpxA,4103602
cpxR,4104972
cpxP,4105820
fieF,4106469
pfkA,4107552
sbp,4108834
cdh,4109930
tpiA,4110740
yiiQ,4111615
yiiR,4112315
yiiS,4112967
uspD,4113293
fpr,4113726
glpX,4114569
glpK,4115714
glpF,4117245
zapB,4118515
rraA,4118845
menA,4119423
hslU,4120416
hslV,4121757
ftsN,4122380
cytR,4123431
priA,4124612
rpmE,4127013
yiiX,4127286
metJ,4128078
metB,4128672
metL,4129835
metF,4132616
katG,4133835
yijE,4136108
yijF,4137040
gldA,4137932
fsaB,4139046
ptsA,4139720
frwC,4142530
frwB,4143624
pflD,4143995
pflC,4146258
frwD,4147138
yijO,4147466
eptC,4148532
ppc,4150447
argE,4153696
argC,4155001
argB,4156013
argH,4156850
oxyR,4158490
sthA,4159390
fabR,4161067
yijD,4161771
trmA,4162170
btuB,4163639
murI,4165428
murB,4172057
birA,4173082
coaA,4174076
tufB,4175944
secE,4177358
nusG,4177743
rplK,4178447
rplA,4178879
rplJ,4179996
rplL,4180560
rpoB,4181245
rpoC,4185350
yjaZ,4189786
thiH,4190735
thiG,4191865
thiS,4192637
thiF,4192821
thiE,4193569
thiC,4194204
rsd,4196332
nudC,4196903
hemE,4197716
nfi,4198790
yjaG,4199504
hupA,4200281
yjaH,4200566
zraP,4201263
zraS,4201926
zraR,4203320
purD,4204642
purH,4205943
yjaA,4213234
yjaB,4213680
metA,4214280
aceB,4215478
aceA,4217109
aceK,4218596
arpA,4220301
iclR,4222804
metH,4223828
yjbB,4227731
pepE,4229453
rluF,4230354
yjbD,4231359
lysC,4231884
pgi,4233758
yjbE,4235906
yjbF,4236262
yjbG,4236897
yjbH,4237634
yjbT,4239777
psiE,4240325
xylE,4240779
malG,4242626
malF,4243531
malE,4245229
malK,4246784
lamB,4247971
malM,4249554
ubiC,4252506
ubiA,4253016
plsB,4254043
dgkA,4256637
lexA,4257115
dinF,4257742
yjbJ,4259237
zur,4259488
yjbL,4260321
yjbM,4260599
dusA,4261669
pspG,4262840
qorA,4263248
dnaB,4264314
alr,4265782
tyrB,4267114
yjbS,4268809
aphA,4269414
yjbQ,4270238
yjbR,4270658
uvrA,4271049
ssb,4274125
yjcB,4274760
pdeC,4275471
soxS,4277060
soxR,4277469
ghxP,4278479
yjcE,4279980
yjcF,4281783
actP,4283253
yjcH,4284899
acs,4285413
ytcB,4287611
nrfA,4287764
nrfB,4289245
nrfC,4289808
nrfD,4290476
nrfE,4291512
nrfF,4293163
nrfG,4293543
gltP,4294481
yjcO,4296436
fdhF,4297219
mdtP,4299564
mdtO,4301027
mdtN,4303078
ytcA,4304128
yjcS,4304612
alsK,4306870
alsE,4307783
alsC,4308489
alsA,4309448
alsB,4311107
alsR,4312101
rpiB,4313350
yjdP,4313868
phnP,4314344
phnO,4315104
phnN,4315525
phnM,4316082
phnL,4317215
phnK,4318006
phnJ,4318761
phnI,4319599
phnH,4320663
phnG,4321244
phnF,4321697
phnD,4323336
phnC,4324377
yjdN,4325298
yjdM,4326399
rdcA,4327135
rdcB,4329360
proP,4330502
pmrR,4332116
basS,4332181
basR,4333282
eptA,4333947
adiC,4335694
adiY,4337168
adiA,4338254
melR,4340720
melA,4341911
melB,4343369
yjdF,4344929
fumB,4345680
dcuB,4347404
dcuR,4349315
dcuS,4350031
yjdI,4351843
yjdJ,4352085
ghoS,4352584
ghoT,4352908
lysU,4353200
dtpC,4354954
cadA,4356470
cadB,4358697
cadC,4360396
yjdC,4362733
dsbD,4363345
cutA,4365018
dcuA,4365472
aspA,4366891
fxsA,4368664
yjeH,4369156
groS,4370688
groL,4371025
yjeI,4372809
yjeJ,4373365
epmB,4374629
efp,4375699
ecnA,4376317
ecnB,4376553
gdx,4376875
blc,4377189
ampC,4377811
frdD,4379007
frdC,4379377
frdB,4379783
frdA,4380510
epmA,4382643
yjeM,4383839
yjeN,4385393
yjeO,4385704
mscM,4386047
psd,4389392
rsgA,4390457
orn,4391604
yjeV,4392892
queG,4392928
nnr,4394066
tsaE,4395585
amiB,4396065
mutL,4397412
miaA,4399252
hfq,4400288
hflX,4400672
hflK,4402038
hflC,4403300
yjeT,4404386
purA,4404687
nsrR,4406190
rnr,4406654
rlmB,4409275
yjfI,4410133
yjfJ,4410553
yjfK,4411302
yjfL,4411979
yjfM,4412387
yjfC,4413028
aidB,4414275
yjfN,4416017
bsmA,4416441
yjfP,4416952
ulaR,4417698
ulaG,4418561
ulaA,4419980
ulaB,4421393
ulaC,4421708
ulaD,4422186
ulaE,4422846
ulaF,4423700
yjfY,4424516
rpsF,4425118
priB,4425520
rpsR,4425839
rplI,4426108
yjfZ,4426628
ytfB,4428079
fklB,4428935
cycA,4429864
ytfE,4431321
ytfF,4432091
qorB,4433164
ytfH,4434113
cpdB,4434622
cysQ,4436755
ytfI,4437707
ytfJ,4438708
ytfK,4439587
paeA,4439872
msrA,4441538
tamA,4442382
tamB,4444112
ytfP,4447894
chpS,4448447
chpB,4448692
ppa,4449122
ytfQ,4449962
ytfR,4451058
ytfT,4452571
yjfF,4453583
fbp,4454611
mpl,4455785
yjgA,4457314
tldE,4457959
nrdG,4459900
nrdD,4460522
treC,4463054
treB,4464759
treR,4466299
mgtL,4467431
mgtA,4467625
ridA,4470527
pyrI,4470986
pyrB,4471460
pyrL,4472399
yjgH,4472814
bdcA,4473340
bdcR,4474124
tabA,4474862
yjgL,4475437
argI,4477307
rraB,4478473
yjgM,4479034
yjgN,4479730
valS,4480982
holC,4483837
pepA,4484440
ytgB,4486043
ytgA,4486105
lptF,4486218
lptG,4487318
yjgR,4488561
idnR,4490141
idnT,4491206
idnO,4492587
idnD,4493375
idnK,4494623
ahr,4495190
insC6,4498272
insD6,4498595
yjgZ,4501260
insG,4502103
nanX,4504058
nanY,4505287
ythA,4506448
insO,4507197
insI3,4507466
fecE,4510690
fecD,4511458
fecC,4512411
fecB,4513406
fecA,4514353
fecR,4516764
fecI,4517714
ykiE,4518372
insA7,4518527
yjhU,4519338
yjhF,4520671
yjhG,4522127
yjhH,4524105
yjhI,4525015
sgcR,4526106
sgcE,4526905
sgcA,4527549
sgcQ,4528111
sgcC,4528930
sgcB,4530255
sgcX,4530530
yjhP,4532437
yjhQ,4533239
topAI,4533796
ythB,4536597
nanS,4536614
nanM,4537659
nanC,4538785
fimB,4540957
fimE,4542037
fimA,4543115
fimI,4543728
fimC,4544304
fimD,4545096
fimF,4547742
fimG,4548285
fimH,4548808
gntP,4549953
uxuA,4551636
uxuB,4552901
uxuR,4554576
yjiC,4555490
ytiC,4556574
ytiD,4556654
idlP,4556913
iraD,4556993
hypT,4557378
iadA,4558354
yjiG,4559539
yjiH,4559997
kptA,4560930
yjiJ,4561497
yjiK,4562743
ytiA,4563668
yjiL,4563922
yjiM,4564699
yjiN,4565966
mdtM,4567287
ytiE,4568692
yjiR,4570162
yjiS,4571751
yjiT,4572414
mcrC,4576912
mcrB,4577958
mcrB,4577958
symE,4579499
hsdS,4580068
hsdM,4581459
hsdR,4583249
mrr,4586949
yjiA,4587909
yjiX,4588876
btsT,4589129
tsr,4591657
lgoT,4593361
lgoR,4594937
lgoD,4595990
opgB,4597150
yjjA,4599695
dnaC,4600238
dnaT,4600978
yjjB,4601624
yjjP,4602088
yjjQ,4603477
bglJ,4604160
fhuF,4604875
yjjZ,4605804
rsmC,4606669
holD,4607803
rimI,4608185
yjjG,4608646
prfC,4609414
osmY,4611396
ytjA,4612128
yjjU,4612411
yjjV,4613481
yjjW,4614680
yjjI,4615515
deoC,4617323
deoA,4618229
deoB,4619603
deoD,4620883
yjjJ,4621769
lplA,4623101
ytjB,4624145
serB,4624895
radA,4625912
nadR,4627315
ettA,4628855
slt,4630733
trpR,4632760
yjjX,4633233
ytjC,4633797
rob,4634441
creA,4635521
creB,4636007
creC,4636696
creD,4638178
arcA,4639590
yjjY,4640402
ytjE,4640718
yjtD,4640942
