operonid	start	end	geneids
1	190	255	["thrL"]
2	337	5020	["thrA", "thrB", "thrC"]
3	5234	5530	["yaaX"]
4	5683	7959	["yaaA", "yaaJ"]
5	8238	9893	["talB", "mog"]
6	9928	10494	["satP"]
7	10643	11356	["yaaW"]
8	10830	11315	["mbiA"]
9	11382	11786	["yaaI"]
10	12163	15298	["dnaK", "dnaJ"]
11	15445	16557	["insL1"]
12	16751	16903	["mokC", "hokC"]
13	17489	19620	["nhaA", "nhaR"]
14	19811	20508	["insB1", "insA1"]
15	20815	21078	["rpsT"]
16	21181	27227	["yaaY", "ribF", "ileS", "lspA", "fkpB", "ispH"]
17	27293	28207	["rihC"]
18	28374	29195	["dapB"]
19	29651	34038	["carA", "carB"]
20	34300	34695	["caiF"]
21	34781	41931	["caiE", "caiD", "caiC", "caiB", "caiA", "caiT"]
22	42403	47138	["fixA", "fixB", "fixC", "fixX", "yaaU"]
23	47246	49631	["kefF", "kefC"]
24	49823	50302	["folA"]
25	50380	57109	["apaH", "apaG", "rsmA", "pdxA", "surA", "lptD"]
26	57364	58179	["djlA"]
27	58474	59279	["yabP", "yabQ"]
28	59687	70048	["rluA", "rapA", "polB", "araD", "araA", "araB"]
29	70387	72115	["araC", "yabI"]
30	72229	77299	["thiQ", "thiP", "thiB", "sgrR"]
31	77388	77519	["sgrT"]
32	77621	78799	["setA"]
33	78848	83529	["leuD", "leuC", "leuB", "leuA"]
34	83622	83708	["leuL"]
35	84368	85312	["leuO"]
36	85467	85511	["yabR"]
37	85630	87848	["ilvI", "ilvH"]
38	88028	89032	["cra"]
39	89634	107474	["mraZ", "rsmH", "ftsL", "ftsI", "murE", "murF", "mraY", "murD", "ftsW", "murG", "murC", "ddlB", "ftsQ", "ftsA", "ftsZ", "lpxC"]
40	107705	111433	["secM", "secA", "mutT"]
41	111649	113219	["yacG", "zapD", "coaE"]
42	113244	113288	["yacM"]
43	113444	114487	["guaC"]
44	114522	117549	["hofC", "hofB", "ppdD"]
45	117752	118645	["nadC"]
46	118733	120135	["ampD", "ampE"]
47	120178	121551	["aroP"]
48	122092	129336	["pdhR", "aceE", "aceF", "lpd"]
49	129407	131260	["yacH"]
50	131615	134212	["acnB"]
51	134388	134750	["yacL"]
52	134788	136464	["speD", "speE"]
53	136570	136917	["yacC"]
54	137083	138633	["cueO"]
55	138835	141225	["gcd"]
56	141431	141967	["hpt"]
57	142008	142670	["can"]
58	142779	144472	["yadG", "yadH"]
59	144577	145017	["yadI"]
60	145081	146310	["yadE"]
61	146314	146694	["panD"]
62	146968	147870	["rpnC"]
63	147944	149601	["panC", "panB"]
64	149715	156883	["yadC", "yadK", "yadL", "yadM", "htrE", "yadV", "yadN"]
65	157253	160604	["folK", "pcnB", "gluQ", "dksA"]
66	160782	162031	["sfsA", "thpR"]
67	162105	164534	["hrpB"]
68	164865	167264	["mrcB"]
69	164865	167264	["mrcB_2"]
70	167484	173444	["fhuA", "fhuC", "fhuD", "fhuB"]
71	173602	174882	["hemL"]
72	175048	176954	["yadX", "clcA", "yadW", "erpA"]
73	177001	179153	["yadS", "btuF", "mtn"]
74	179237	180754	["dgt"]
75	180884	182308	["degP"]
76	182463	183620	["cdaR"]
77	183709	184095	["yaeH"]
78	184257	189506	["yaeI", "dapD", "glnD", "map"]
79	189874	212266	["rpsB", "tsf", "pyrH", "frr", "dxr", "ispU", "cdsA", "rseP", "bamA", "skp", "lpxD", "fabZ", "lpxA", "lpxB", "rnhB", "dnaE", "accA", "ldcC", "yaeR"]
80	212331	213629	["tilS"]
81	213678	214125	["rof", "yaeP"]
82	214291	215979	["yaeQ", "arfB", "nlpE"]
83	216179	217003	["yaeF"]
84	217057	219995	["proS", "trmO", "rcsF"]
85	220113	222645	["metQ", "metI", "metN"]
86	222833	223408	["gmhB"]
87	229167	229970	["dkgB"]
88	229967	230881	["yafC"]
89	231122	232549	["yafD", "yafE"]
90	232597	233955	["mltD"]
91	234027	234782	["gloB"]
92	234288	234320	["ykfO"]
93	234816	235538	["yafS"]
94	235535	236002	["rnhA"]
95	236067	236798	["dnaQ"]
96	237335	238120	["yafT"]
97	238257	238736	["ykfM"]
98	239419	240189	["yafV"]
99	240343	240816	["ivy"]
100	240859	243303	["fadE"]
101	243543	244121	["gmhA"]
102	244327	245094	["yafJ"]
103	245065	245805	["dpaA"]
104	245961	246502	["yafQ", "dinJ"]
105	246712	247461	["yafL"]
106	247637	248134	["rayT"]
107	250898	253161	["dinB", "yafN", "yafO", "yafP"]
108	254259	255716	["pepD"]
109	255977	256435	["gpt"]
110	256527	257899	["frsA", "crl"]
111	258676	259006	["CDS_1"]
112	257923	258620	["insB9", "insA9"]
113	259045	260100	["phoE"]
114	260388	262756	["proB", "proA"]
115	263328	265206	["ykfI", "yafW", "ykfH", "ykfG", "yafX"]
116	265304	265543	["ykfF"]
117	265620	266553	["ykfB", "yafY"]
118	267184	268005	["yafZ"]
119	268097	268960	["ykfA"]
120	269289	270182	["perR"]
121	270278	270540	["insN"]
122	271764	272190	["CDS_2"]
123	270603	271754	["insI1"]
124	272847	273992	["ykfC"]
125	274101	275081	["insH1"]
126	275325	277647	["mmuP", "mmuM"]
127	277756	278802	["afuC"]
128	279178	279875	["insB2", "insA2"]
129	280385	280735	["yagB"]
130	280829	281983	["yagA"]
131	282278	285168	["yagE", "yagF"]
132	285395	288399	["yagG", "yagH"]
133	288404	289162	["xynR"]
134	289301	290370	["argF", "argL"]
135	290510	290638	["ykgS"]
136	290649	291346	["insB3", "insA3"]
137	291500	292231	["yagJ"]
138	292322	292948	["yagK"]
139	293220	294799	["yagL", "yagM"]
140	294918	295579	["ykgV", "yagN"]
141	295696	297096	["intF"]
142	297381	302573	["yagP", "paoD", "paoC", "paoB", "paoA"]
143	302991	303605	["yagU"]
144	303853	304182	["ykgJ"]
145	304495	310671	["ecpE", "ecpD", "ecpC", "ecpB", "ecpA"]
146	310746	311336	["matA"]
147	312112	312339	["ykgL"]
148	312374	312777	["ykgO", "ykgM"]
149	313141	313242	["ykgR"]
150	315291	316453	["insE1", "insF1"]
151	317726	318567	["rclC", "rclB"]
152	318676	320001	["rclA"]
153	320227	321081	["rclR"]
154	321608	324453	["ykgE", "ykgF", "ykgG"]
155	324696	325364	["ykgH"]
156	325577	329334	["betA", "betB", "betI"]
157	329463	331496	["betT"]
158	331802	331876	["yahV"]
159	332371	333459	["pdeL"]
160	333501	334433	["yahB"]
161	334525	335022	["yahC"]
162	335280	340089	["yahD", "yahE", "yahF", "yahG", "yahH"]
163	340165	342507	["yahI", "yahJ"]
164	342884	343933	["yahK"]
165	344176	344991	["yahL"]
166	345404	345649	["yahM"]
167	345666	346337	["yahN"]
168	346484	346759	["yahO"]
169	346857	348443	["prpR"]
170	348682	354592	["prpB", "prpC", "prpD", "prpE"]
171	354922	357454	["codB", "codA"]
172	357791	358690	["cynR"]
173	358799	361146	["cynT", "cynS", "cynX"]
174	361249	368420	["lacA", "lacY", "lacZ", "lacI", "mhpR"]
175	368611	374881	["mhpA", "mhpB", "mhpC", "mhpD", "mhpF", "mhpE"]
176	375459	376670	["mhpT"]
177	376772	377311	["yaiL"]
178	377535	379881	["frmB", "frmA", "frmR"]
179	380069	381260	["yaiO", "yaiX"]
180	382591	382579	["CDS_3", "insC1", "insD1"]
181	382739	383935	["yaiP"]
182	383960	384079	["ykiC"]
183	384059	384616	["yaiS"]
184	385232	388646	["tauA", "tauB", "tauC", "tauD"]
185	388753	389727	["hemB"]
186	390251	391708	["yaiT"]
187	392970	394418	["CDS_4"]
188	391592	391648	["ytiB"]
189	391739	392901	["insF2", "insE2"]
190	394506	395129	["iprA"]
191	395130	396287	["ampH"]
192	396639	398966	["sbmA", "yaiW"]
193	399025	399333	["yaiY"]
194	399593	399805	["yaiZ"]
195	399829	400923	["ddlA"]
196	401386	401646	["iraP"]
197	401747	403162	["phoA"]
198	403281	403601	["psiF"]
199	403703	404818	["dgcC"]
200	404835	405644	["proC"]
201	405764	406222	["yaiI"]
202	406405	407170	["aroL", "yaiA"]
203	407428	408105	["aroM"]
204	408177	408461	["ppnP"]
205	408947	409030	["ykiD"]
206	409108	410019	["rdgC"]
207	410144	411052	["mak"]
208	411297	412481	["araJ"]
209	412607	416952	["sbcC", "sbcD"]
210	417142	419184	["phoB", "phoR"]
211	419591	422359	["brnQ", "proY"]
212	422518	424332	["malZ"]
213	424337	424918	["acpH"]
214	425011	430476	["queA", "tgt", "yajC", "secD", "secF"]
215	430605	430952	["yajD"]
216	431129	432013	["tsx"]
217	432312	432851	["yajI"]
218	433002	437107	["nrdR", "ribD", "ribE", "nusB", "thiL", "pgpA"]
219	437161	438135	["yajO"]
220	438315	441343	["dxs", "ispA", "xseB"]
221	441549	442997	["thiI"]
222	443051	444515	["yajL", "panE"]
223	444683	445174	["yajQ"]
224	445302	446666	["yajR"]
225	446815	451610	["cyoE", "cyoD", "cyoC", "cyoB", "cyoA"]
226	452070	454167	["ampG", "yajG"]
227	454472	454789	["bolA"]
228	455133	461242	["tig", "clpP", "clpX", "lon"]
229	461451	461723	["hupB"]
230	461915	463786	["ppiD"]
231	463937	464308	["ybaV"]
232	464402	464800	["fadM"]
233	464852	465547	["queC"]
234	465612	467312	["ybaE"]
235	467412	468230	["cof"]
236	468383	472417	["decR", "mdlA", "mdlB"]
237	472598	474252	["glnK", "amtB"]
238	474301	475161	["tesB"]
239	475379	475951	["ybaY"]
240	475982	476371	["ybaZ"]
241	476672	477025	["ybaA"]
242	477067	478617	["pdeB"]
243	478781	479251	["ylaC"]
244	479367	479918	["maa"]
245	480090	480708	["hha", "tomB"]
246	481254	485619	["acrB", "acrA"]
247	485761	486408	["acrR"]
248	486536	489898	["mscK"]
249	490110	490812	["ybaM", "priC"]
250	490882	491259	["ybaN"]
251	491412	493375	["apt", "dnaX"]
252	493375	493386	["dnaX_2", "CDS_5"]
253	494076	495010	["ybaB", "recR"]
254	495120	496994	["htpG"]
255	497175	497819	["adk"]
256	498055	499017	["hemH"]
257	499014	499973	["aes"]
258	500125	501429	["gsk"]
259	501562	503238	["ybaL"]
260	503476	504696	["fsr"]
261	504914	506566	["ushA"]
262	506603	507082	["ybaK"]
263	507286	508080	["ybaP"]
264	508218	508559	["ybaQ"]
265	511168	511176	["copA", "copA_2"]
266	511176	511379	["CDS_6"]
267	511641	514400	["glsA", "ybaT", "cueR"]
268	514401	515773	["ybbJ", "qmcA"]
269	515919	517362	["fetA", "fetB"]
270	517425	519765	["cnoX", "ybbO", "tesA"]
271	519733	522830	["ybbA", "ybbP"]
272	523261	527949	["rhsD", "ybbC"]
273	529645	530016	["ylbG"]
274	530132	531226	["selU"]
275	531295	532221	["allS"]
276	532451	532933	["allA"]
277	533011	537464	["allR", "gcl", "hyi", "glxR"]
278	537633	543033	["ybbW", "allB", "ybbY", "glxK"]
279	543261	546363	["allE", "allC", "allD"]
280	546680	551332	["fdrA", "ylbE", "ylbF", "ybcF"]
281	551527	553100	["purK", "purE"]
282	553218	554437	["lpxH", "ppiB"]
283	554611	555996	["cysS"]
284	556032	556553	["ybcI"]
285	556661	557741	["ybcJ", "folD"]
286	558212	563845	["sfmA", "sfmC", "sfmD", "sfmH", "sfmF"]
287	563848	564480	["fimZ"]
288	564815	565978	["intD"]
289	566684	566776	["renD"]
290	568035	568004	["CDS_7", "insE3", "insF3"]
291	568315	570428	["emrE", "ylcJ", "ybcK"]
292	570893	572251	["ybcL", "ybcM"]
293	572368	573870	["ylcH", "ybcN", "ninE", "ybcO", "rusA", "ylcG"]
294	573956	574339	["quuD"]
295	574529	574586	["nmpC"]
296	575786	576825	["CDS_8"]
297	574737	575717	["insH2"]
298	577398	578509	["essD", "rrrD", "rzpD", "rzoD"]
299	578600	578893	["borD"]
300	579184	579594	["ybcV"]
301	579880	580086	["ybcW"]
302	580251	580445	["ylcI"]
303	580834	582097	["nohD", "tfaD"]
304	582875	583060	["tfaX"]
305	583681	584430	["appY"]
306	584680	585633	["ompT"]
307	586147	586908	["envY"]
308	587091	593178	["ybcH", "nfrA", "nfrB"]
309	593328	595443	["cusS", "cusR"]
310	595600	601857	["cusC", "cusF", "cusB", "cusA"]
311	601959	603335	["pheP"]
312	603416	604663	["ybdG"]
313	604771	605424	["nfsB"]
314	605518	605886	["ybdF"]
315	605951	606199	["ybdJ"]
316	606265	607383	["ybdK"]
317	607836	607988	["hokE"]
318	608065	609177	["insL2"]
319	609459	612494	["entD", "fepA"]
320	612737	618038	["fes", "ybdZ", "entF"]
321	618254	619387	["fepE"]
322	619384	622189	["fepC", "fepG", "fepD"]
323	622300	623550	["entS"]
324	623554	624510	["fepB"]
325	624885	629713	["entC", "entE", "entB", "entA", "entH"]
326	629894	632379	["cstA", "ybdD"]
327	632389	633477	["hcxA"]
328	633586	634746	["ybdL"]
329	634747	636569	["ybdM", "ybdN"]
330	636716	637618	["ybdO"]
331	637827	638573	["dsbG"]
332	638945	641318	["ahpC", "ahpF"]
333	641439	641867	["uspG"]
334	642088	643326	["ybdR"]
335	643330	643419	["yldA"]
336	643557	643967	["rnk"]
337	644197	645003	["rna"]
338	645117	651856	["citT", "citG", "citX", "citF", "citE", "citD", "citC"]
339	652235	654542	["dpiB", "dpiA"]
340	654583	655968	["dcuC"]
341	656557	657117	["pagP"]
342	657292	657501	["cspE"]
343	657555	657938	["crcB"]
344	658947	659150	["tatE"]
345	659251	660216	["lipA"]
346	660425	661378	["ybeF"]
347	661637	669036	["lipB", "ybeD", "dacA", "rlpA", "mrdB", "mrdA", "rlmH", "rsfS"]
348	669296	674783	["cobC", "nadD", "holA", "lptE", "leuS"]
349	675018	675500	["ybeL"]
350	675570	676547	["ybeQ"]
351	676711	678842	["ybeR", "djlB"]
352	678852	679406	["ybeT"]
353	679508	681663	["ybeU", "djlC"]
354	681723	683393	["hscC"]
355	683477	684412	["rihA"]
356	684530	687747	["gltL", "gltK", "gltJ", "gltI"]
357	687997	688977	["insH3"]
358	689343	694955	["lnt", "ybeX", "ybeY", "ybeZ", "miaB"]
359	695101	696276	["ubiF"]
360	697513	699177	["asnB"]
361	699574	703611	["umpH", "nagC", "nagA", "nagB"]
362	703944	705890	["nagE"]
363	706093	707757	["glnS"]
364	708334	710116	["chiP", "chiQ"]
365	710200	710725	["fur", "uof"]
366	710935	711465	["fldA"]
367	711605	711898	["ybfE"]
368	712038	712802	["ybfF"]
369	712987	715198	["seqA", "pgm"]
370	715412	715906	["ybfP"]
371	716946	720460	["potE", "speF"]
372	720718	720822	["speFL"]
373	721056	728821	["kdpE", "kdpD", "kdpC", "kdpB", "kdpA", "kdpF"]
374	729134	729340	["ybfA"]
375	729583	734102	["rhsC", "ybfB"]
376	735650	736219	["ybfC"]
377	736445	736699	["ybfQ"]
378	738092	738853	["ybfD"]
379	739001	740925	["ybgA", "phr"]
380	741075	742556	["dtpD"]
381	742827	746726	["ybgI", "pxpB", "pxpC", "pxpA", "nei"]
382	746723	747769	["abrB"]
383	747921	752795	["ybgO", "ybgP", "ybgQ", "ybgD"]
384	753185	754468	["gltA"]
385	754658	754781	["ybgV", "ybgU"]
386	755177	765049	["sdhC", "sdhD", "sdhA", "sdhB", "sucA", "sucB", "sucC", "sucD"]
387	765153	765875	["mngR"]
388	765984	770611	["mngA", "mngB"]
389	771458	774602	["cydA", "cydB", "cydX", "ybgE"]
390	774752	780389	["ybgC", "tolQ", "tolR", "tolA", "tolB", "pal", "cpoB"]
391	782085	783885	["nadA", "pnuC"]
392	783882	784823	["zitB"]
393	784937	785317	["ybgS"]
394	785633	786685	["aroG"]
395	786843	792055	["gpmA", "galM", "galK", "galT", "galE"]
396	792316	794644	["modF", "modE"]
397	794773	794922	["acrZ"]
398	795089	797612	["modA", "modB", "modC"]
399	797613	798431	["ybhA"]
400	798586	799581	["pgl"]
401	799622	800575	["ybhD"]
402	800759	801811	["ybhH"]
403	801887	803320	["ybhI"]
404	803503	805764	["ybhJ"]
405	805998	809257	["ybhC", "ybhB", "bioA"]
406	809344	812947	["bioB", "bioF", "bioC", "bioD"]
407	813526	815547	["uvrB"]
408	815739	816647	["ybhK"]
409	817044	819747	["moaA", "moaB", "moaC", "moaD", "moaE"]
410	819884	821506	["ybhL", "ybhM"]
411	821542	824497	["ybhN", "clsB", "ybhP"]
412	824630	825040	["ybhQ"]
413	825002	830643	["ybhR", "ybhS", "ybhF", "ybhG", "cecR"]
414	830872	832236	["rhlE"]
415	832468	832950	["ybiA"]
416	833070	836210	["dinG", "ybiB"]
417	836351	837436	["hcxB"]
418	837503	837562	["ybiE"]
419	837665	837925	["ybiJ"]
420	838190	838456	["ybiI"]
421	838530	841531	["ybiX", "fiu"]
422	841796	842056	["mcbA"]
423	842332	843258	["rlmF"]
424	843255	845480	["ybiO"]
425	845741	848004	["glnQ", "glnP", "glnH"]
426	848408	848911	["dps"]
427	849210	850097	["rhtA"]
428	850332	850965	["yliM", "ompX"]
429	851014	852597	["opgE"]
430	852869	852997	["mntS"]
431	853183	854765	["mntR", "ybiR"]
432	854824	855744	["ldtB"]
433	855963	857555	["ybiT"]
434	857796	859061	["ybiU"]
435	859213	860028	["ybiV"]
436	860174	863511	["ybiW", "ybiY"]
437	863642	864304	["fsaA"]
438	864380	866364	["moeB", "moeA"]
439	866568	872801	["iaaA", "gsiA", "gsiB", "gsiC", "gsiD"]
440	872979	876663	["pdeI", "dgcI"]
441	876710	878035	["rimO"]
442	878248	878631	["bssR"]
443	878742	879857	["yliI"]
444	879854	880480	["gstB"]
445	880727	881929	["dacC"]
446	881976	882734	["deoR"]
447	882792	883388	["ybjG"]
448	883673	884905	["mdfA"]
449	884946	885230	["ybjH"]
450	885316	887339	["ybjI", "ybjJ"]
451	887423	887959	["rcdA"]
452	888134	889819	["ybjL"]
453	890089	890466	["ybjM"]
454	890496	890753	["grxA"]
455	890913	892869	["ybjC", "nfsA", "rimK"]
456	892957	893433	["ybjN"]
457	893784	899645	["potF", "potG", "potH", "potI", "ybjO", "rlmC"]
458	899844	900575	["artJ"]
459	900866	903734	["artM", "artQ", "artI", "artP"]
460	903952	904467	["ybjP"]
461	904593	905743	["ybjQ", "amiD"]
462	905740	911049	["ybjS", "ybjT", "ltaE", "poxB"]
463	911182	913814	["hcr", "hcp"]
464	913958	914857	["lysO"]
465	915352	916047	["aqpZ"]
466	916473	918131	["ybjD"]
467	918128	919120	["ybjX"]
468	919235	922293	["macA", "macB"]
469	922366	922590	["cspD"]
470	922740	922814	["yljB"]
471	922913	925540	["clpS", "clpA"]
472	926225	930962	["infA", "aat", "cydC", "cydD"]
473	931085	932050	["trxB"]
474	932595	933089	["lrp"]
475	933224	940720	["ftsK", "lolA", "rarA", "serS"]
476	940959	944896	["dmsA", "dmsB", "dmsC"]
477	944931	945557	["ycaC"]
478	945871	947019	["ycaD"]
479	947229	948659	["ycaM"]
480	948660	949568	["ycaN"]
481	949668	950258	["ycaK"]
482	950340	954466	["pflA", "pflB", "focA"]
483	954872	956632	["ycaO"]
484	956762	957454	["ycaP"]
485	957653	960095	["serC", "aroA"]
486	960264	961028	["ycaL"]
487	961201	964112	["cmk", "rpsA", "ihfB"]
488	964320	970621	["ycaI", "msbA", "lpxK", "ycaQ"]
489	970673	971598	["ycaR", "kdsB"]
490	971752	972645	["ycbJ"]
491	972622	973401	["elyC"]
492	973537	980786	["cmoM", "mukF", "mukE", "mukB"]
493	981047	984297	["ldtD", "mepK", "gloC"]
494	984519	985709	["aspC"]
495	985894	986982	["ompF"]
496	987585	988985	["asnS"]
497	989154	990356	["pncB"]
498	990622	993234	["pepN"]
499	993277	997512	["ssuB", "ssuC", "ssuD", "ssuA", "ssuE"]
500	997868	1004657	["elfA", "elfD", "elfC", "elfG", "ycbU", "ycbV", "ycbF"]
501	1004768	1005778	["pyrD"]
502	1005952	1006494	["zapC"]
503	1006491	1007600	["ycbX"]
504	1007844	1011871	["rlmL", "uup"]
505	1012001	1015459	["pqiA", "pqiB", "pqiC"]
506	1015715	1015882	["rmf"]
507	1015952	1018299	["fabA", "ycbZ"]
508	1018485	1018937	["matP"]
509	1019013	1020053	["ompA"]
510	1020410	1020919	["sulA"]
511	1021138	1021767	["sxy"]
512	1021730	1024348	["yccS", "yccF"]
513	1024471	1026525	["helD"]
514	1026557	1027773	["mgsA", "yccT"]
515	1027946	1028359	["yccU"]
516	1028404	1029969	["hspQ", "rlmI"]
517	1030064	1030342	["yccX"]
518	1030339	1031418	["tusE", "yccA"]
519	1032139	1037606	["hyaA", "hyaB", "hyaC", "hyaD", "hyaE", "hyaF"]
520	1037740	1040537	["appC", "appB", "appX"]
521	1040617	1041915	["appA"]
522	1042030	1049332	["etk", "etp", "gfcE", "gfcD", "gfcC", "gfcB"]
523	1049439	1049744	["gfcA"]
524	1049833	1050530	["insA4", "insB4"]
525	1050963	1051175	["cspH"]
526	1051461	1052240	["cspG", "ymcF", "ymcE", "gnsA"]
527	1052289	1056178	["yccM", "torS"]
528	1056261	1057289	["torT"]
529	1057262	1057954	["torR"]
530	1058084	1062398	["torC", "torA", "torD"]
531	1062550	1063775	["cbpM", "cbpA"]
532	1064036	1065292	["yccE"]
533	1065585	1066826	["agp"]
534	1066864	1067708	["yccJ", "wrbA"]
535	1068081	1068254	["ymdF"]
536	1068511	1074011	["rutG", "rutF", "rutE", "rutD", "rutC", "rutB", "rutA"]
537	1074242	1074880	["rutR"]
538	1074920	1078882	["putA"]
539	1079120	1079146	["ymdG"]
540	1079305	1080813	["putP"]
541	1082243	1084647	["efeO", "efeB"]
542	1084992	1086056	["phoH"]
543	1086106	1092289	["pgaD", "pgaC", "pgaB", "pgaA"]
544	1092876	1094234	["dgcT"]
545	1094275	1095437	["insF4", "insE4"]
546	1095843	1096829	["ycdU"]
547	1097886	1100194	["ghrA", "ycdX", "ycdY"]
548	1100296	1100787	["ycdZ"]
549	1100851	1103196	["csgG", "csgF", "csgE", "csgD"]
550	1103951	1105293	["csgB", "csgA", "csgC"]
551	1105414	1105725	["ymdA"]
552	1105820	1107776	["ymdB", "clsC"]
553	1107784	1108941	["opgC"]
554	1109335	1113406	["opgG", "opgH"]
555	1113579	1113806	["yceK"]
556	1113807	1114181	["msyB"]
557	1114264	1115490	["mdtG"]
558	1115662	1116582	["lpxL"]
559	1116807	1117859	["trhO"]
560	1117901	1119046	["yceI", "yceJ"]
561	1119307	1120586	["yceO", "solA"]
562	1120701	1120955	["bssS"]
563	1121242	1121487	["dinI"]
564	1121561	1122607	["pyrC"]
565	1122713	1123273	["yceB"]
566	1123407	1124054	["grxB"]
567	1124118	1125326	["mdtH"]
568	1125562	1127729	["rimJ", "yceH", "yceM"]
569	1127839	1129374	["murJ"]
570	1129414	1130863	["flgN", "flgM", "flgA"]
571	1131018	1140986	["flgB", "flgC", "flgD", "flgE", "flgF", "flgG", "flgH", "flgI", "flgJ", "flgK", "flgL"]
572	1141182	1144367	["rne"]
573	1144502	1144822	["yceQ"]
574	1144940	1145899	["rluC"]
575	1146011	1146595	["yceF"]
576	1146794	1157574	["yceD", "rpmF", "plsX", "fabH", "fabD", "fabG", "acpP", "fabF", "pabC", "mltG", "tmk", "holB", "ycfH"]
577	1157869	1159302	["ptsG"]
578	1159362	1161551	["fhuE"]
579	1161885	1165685	["hinT", "ycfL", "lpoB", "thiK", "nagZ", "ycfP"]
580	1166085	1167389	["ndh"]
581	1167599	1168138	["ycfJ"]
582	1168200	1168832	["comR"]
583	1169073	1169330	["bhsA"]
584	1169412	1170374	["ldtC"]
585	1170518	1173964	["mfd"]
586	1174092	1175165	["ycfT"]
587	1175427	1180359	["lolC", "lolD", "lolE", "nagK", "cobB", "cobB_2"]
588	1180479	1185594	["ycfZ", "ymfA", "potD", "potC", "potB", "potA"]
589	1185844	1187070	["pepT"]
590	1187119	1188240	["roxA"]
591	1188316	1190447	["phoQ", "phoP"]
592	1190616	1194951	["purB", "hflD", "mnmA", "nudJ", "rluE"]
593	1195123	1196373	["icd"]
594	1196867	1198237	["ymfD", "ymfE"]
595	1198695	1199588	["lit"]
596	1199679	1201380	["intE", "xisE", "ymfH"]
597	1201497	1201838	["ymfI"]
598	1201776	1202084	["ymfJ"]
599	1202259	1202933	["ymfK"]
600	1203024	1206204	["ymfT", "ymfL", "ymfM", "ymfN", "ymfR", "beeE"]
601	1206913	1208545	["ymfQ", "ycfK", "tfaP"]
602	1208517	1209119	["tfaE"]
603	1209685	1210239	["pinE"]
604	1210346	1211179	["mcrA"]
605	1211680	1212003	["iraM"]
606	1212260	1212304	["ymgK"]
607	1212540	1213107	["ymgL", "ycgX"]
608	1213328	1214059	["bluR"]
609	1214264	1215475	["bluF"]
610	1215789	1216635	["ycgZ", "ymgA", "ariR"]
611	1216748	1216996	["ymgC"]
612	1217328	1218851	["pdeG"]
613	1218983	1219201	["ymgF"]
614	1222305	1223163	["ymgD", "ymgG", "ymgI"]
615	1223264	1223449	["ymgJ"]
616	1224279	1226080	["minE", "minD", "minC"]
617	1226600	1226968	["ycgJ"]
618	1227071	1227472	["pliG"]
619	1227368	1227427	["ymgN"]
620	1227681	1228007	["ycgL"]
621	1228079	1229276	["ycgM", "ycgN"]
622	1229483	1230394	["hlyE"]
623	1230767	1232454	["umuD", "umuC"]
624	1232500	1234717	["dsbB", "nhaB"]
625	1234938	1235657	["fadR"]
626	1235709	1237241	["ycgB"]
627	1237571	1239949	["dadA", "dadX"]
628	1240260	1240463	["ymgM"]
629	1240335	1242071	["cvrA"]
630	1242166	1243080	["ldcA"]
631	1243180	1243791	["emtA"]
632	1243793	1244527	["ycgR"]
633	1244728	1244982	["ymgE"]
634	1245160	1245600	["ycgY"]
635	1245679	1247376	["treA"]
636	1247696	1250838	["dhaM", "dhaL", "dhaK"]
637	1251066	1252985	["dhaR"]
638	1253085	1255952	["ycgV"]
639	1256721	1258513	["ychF", "pth"]
640	1258791	1259069	["ychH"]
641	1259124	1260803	["dauA"]
642	1260928	1263500	["prs", "ispE", "lolB"]
643	1263714	1269019	["hemA", "prfA", "prmC", "ychQ", "ychA", "kdsA"]
644	1269168	1269275	["ldrA"]
645	1269703	1269810	["ldrB"]
646	1270238	1270345	["ldrC"]
647	1270749	1271849	["chaA"]
648	1272119	1272349	["chaB"]
649	1272507	1273202	["chaC"]
650	1273246	1273599	["ychN"]
651	1273784	1275178	["ychO"]
652	1275179	1277618	["narL", "narX"]
653	1277957	1279348	["narK"]
654	1279864	1286526	["narG", "narH", "narJ", "narI"]
655	1286709	1286984	["ychS"]
656	1287087	1287176	["tpr"]
657	1287782	1289132	["purU", "ychJ"]
658	1289245	1290150	["rssA"]
659	1290242	1291255	["rssB"]
660	1291457	1292365	["galU"]
661	1292509	1292922	["hns"]
662	1293527	1294144	["tdk"]
663	1295446	1298121	["adhE"]
664	1298514	1299245	["ychT", "ychE"]
665	1299567	1300547	["insH21"]
666	1301182	1306768	["oppA", "oppB", "oppC", "oppD", "oppF"]
667	1306821	1308645	["yciU", "clsA"]
668	1308788	1308961	["yciY"]
669	1309016	1310269	["kch"]
670	1310569	1310865	["yciI"]
671	1311089	1311808	["tonB"]
672	1311848	1312246	["yciA"]
673	1312351	1313663	["yciB", "yciC"]
674	1314020	1314658	["ompW"]
675	1314718	1316035	["yciE", "yciF", "yciG"]
676	1316416	1322946	["trpA", "trpB", "trpC", "trpD", "trpE"]
677	1323038	1323082	["trpL"]
678	1323220	1326641	["rnm", "yciO", "yciQ"]
679	1326852	1327727	["rluB"]
680	1327767	1329112	["btuR", "yciK"]
681	1329332	1330381	["sohB"]
682	1330417	1330668	["yciN"]
683	1331048	1333645	["topA"]
684	1333855	1334829	["cysB"]
685	1335148	1335458	["ymiA", "yciX"]
686	1335572	1335667	["ymiC"]
687	1335831	1338506	["acnA"]
688	1338570	1339160	["ribA"]
689	1339330	1340094	["pgpB"]
690	1340243	1341727	["lapA", "lapB"]
691	1341921	1342984	["pyrF", "yciH"]
692	1343110	1343328	["osmB"]
693	1343597	1344346	["yciT"]
694	1344436	1344609	["yciZ"]
695	1344647	1344775	["ymiD"]
696	1344757	1346742	["pdeR"]
697	1346796	1346900	["ymiB"]
698	1346978	1348912	["rnb"]
699	1348980	1350107	["yciW"]
700	1350251	1351039	["fabI"]
701	1351407	1357110	["ycjD", "sapF", "sapD", "sapC", "sapB", "sapA"]
702	1357423	1357668	["ymjA"]
703	1357802	1359341	["puuP", "ymjE"]
704	1359490	1360908	["puuA"]
705	1361120	1362468	["puuD", "puuR"]
706	1362743	1366815	["puuC", "puuB", "puuE"]
707	1366935	1367912	["pspF"]
708	1368079	1369614	["pspA", "pspB", "pspC", "pspD"]
709	1369689	1370003	["pspE"]
710	1370216	1380807	["ycjM", "ycjN", "ycjO", "ycjP", "ycjQ", "ycjR", "ycjS", "ycjT", "ycjU"]
711	1381947	1382852	["ompG"]
712	1382963	1383961	["ycjW"]
713	1384117	1388261	["ycjX", "ycjF", "tyrR"]
714	1388305	1388811	["tpx"]
715	1388930	1389895	["ycjG"]
716	1389870	1390598	["mpaA"]
717	1390680	1391853	["ymjC", "ymjD", "ycjY"]
718	1391991	1392890	["pgrR"]
719	1393227	1394840	["mppA"]
720	1394891	1395922	["ynaI"]
721	1396112	1397092	["insH4"]
722	1397365	1397622	["ynaJ"]
723	1397672	1399526	["uspE", "fnr"]
724	1399721	1404565	["ogt", "abgT", "abgB", "abgA"]
725	1404741	1405649	["abgR"]
726	1405979	1406542	["smrA"]
727	1406563	1407795	["dgcM"]
728	1407989	1409033	["ynaN", "zntB"]
729	1409308	1410884	["ynaL", "dbpA"]
730	1411013	1413452	["ttcA", "intR", "xisR"]
731	1413531	1417386	["rcbA", "ralR", "recT", "recE"]
732	1417488	1417763	["racC"]
733	1417838	1418229	["ydaE", "kilR"]
734	1418671	1419159	["sieB"]
735	1419156	1419456	["ydaF", "ydaG"]
736	1419765	1420241	["racR"]
737	1420365	1423312	["ydaS", "ydaT", "ydaU", "ydaV", "ydaW"]
738	1423400	1423585	["rzoR"]
739	1423782	1425239	["trkG"]
740	1425377	1425980	["ynaK", "ydaY"]
741	1426454	1427598	["ynaA", "lomR"]
742	1428796	1428984	["CDS_9"]
743	1427746	1428726	["insH5"]
744	1429049	1432986	["stfR", "tfaR"]
745	1433084	1433674	["pinR"]
746	1433991	1434224	["ynaE"]
747	1434293	1434406	["ynaM"]
748	1435185	1435619	["uspF"]
749	1435760	1436893	["ompN"]
750	1437260	1440784	["ydbK"]
751	1441058	1441324	["ydbJ"]
752	1441321	1441743	["hslJ"]
753	1441854	1442843	["ldhA"]
754	1443051	1446206	["ydbH", "ynbE", "ydbL"]
755	1446378	1447283	["feaR"]
756	1447519	1449018	["feaB"]
757	1449076	1451349	["tynA"]
758	1451597	1453642	["paaZ"]
759	1453927	1465061	["paaA", "paaB", "paaC", "paaD", "paaE", "paaF", "paaG", "paaH", "paaI", "paaJ", "paaK", "paaX", "paaY"]
760	1465165	1465230	["ynbG"]
761	1465392	1467909	["ydbA"]
762	1470519	1474013	["CDS_10"]
763	1470519	1474013	["CDS_10_2"]
764	1467921	1469149	["insD2", "insC2"]
765	1469358	1470509	["insI2"]
766	1474221	1475081	["pdxI"]
767	1475144	1477450	["ydbD"]
768	1477621	1482201	["ynbA", "ynbB", "ynbC", "ynbD"]
769	1482255	1482860	["azoR"]
770	1483061	1486963	["hrpA"]
771	1487235	1488035	["ydcF"]
772	1488232	1489671	["aldA"]
773	1490902	1491432	["cybB"]
774	1491677	1491944	["ydcA", "yncP"]
775	1491922	1492129	["hokB", "mokB"]
776	1492470	1494110	["trg"]
777	1494148	1495071	["ydcI"]
778	1495288	1496631	["ydcJ"]
779	1496856	1498511	["opgD"]
780	1498651	1498875	["ydcH"]
781	1498938	1499477	["rimL"]
782	1499469	1500449	["ydcK"]
783	1500573	1502155	["tehA", "tehB"]
784	1502457	1503125	["ydcL"]
785	1503657	1504865	["insQ"]
786	1504905	1506080	["ydcO"]
787	1506172	1508742	["sutR", "rlhA"]
788	1508834	1509064	["yncJ"]
789	1509286	1509924	["hicA", "hicB"]
790	1510003	1511409	["ydcR"]
791	1511654	1517002	["ydcS", "ydcT", "ydcU", "ydcV", "patD"]
792	1517099	1517194	["yncL"]
793	1517389	1517562	["ortT"]
794	1517648	1517881	["ydcY"]
795	1517882	1518846	["ydcZ", "mnaT"]
796	1519027	1520064	["curA"]
797	1520262	1520927	["mcbR"]
798	1520963	1523065	["yncD"]
799	1523307	1524368	["yncE"]
800	1524481	1525980	["ansP"]
801	1526247	1526864	["yncG"]
802	1526940	1527152	["yncH"]
803	1529922	1530404	["ydcD"]
804	1530319	1530504	["yncO"]
805	1531816	1532952	["ydcC"]
806	1533052	1533285	["pptA"]
807	1533282	1533851	["yddH"]
808	1534024	1534869	["nhoA"]
809	1534965	1535858	["yddE"]
810	1535937	1544060	["narV", "narW", "narY", "narZ", "narU"]
811	1544758	1546028	["yddK", "yddL"]
812	1546288	1547169	["yddG"]
813	1547401	1551991	["fdnG", "fdnH", "fdnI"]
814	1552398	1552682	["yddM"]
815	1552828	1555669	["adhP", "maeA"]
816	1555826	1555963	["sra"]
817	1556065	1556280	["bdm"]
818	1556625	1557056	["osmC"]
819	1557112	1563076	["ddpF", "ddpD", "ddpC", "ddpB", "ddpA", "ddpX"]
820	1563334	1567219	["dosP", "dosC", "yddY"]
821	1567504	1568823	["digH"]
822	1568954	1572045	["gadC", "gadB"]
823	1572407	1579342	["pqqL", "yddB", "yddA"]
824	1579545	1579667	["yneP"]
825	1579633	1582524	["ydeM", "ydeN"]
826	1582926	1583687	["ydeO"]
827	1583762	1583959	["safA"]
828	1584207	1586486	["ydeP"]
829	1586820	1590001	["ydeQ", "ydeR", "ydeS", "ydeT"]
830	1590854	1592442	["hipA", "hipB"]
831	1598617	1601241	["lsrK", "lsrR"]
832	1601490	1607289	["lsrA", "lsrC", "lsrD", "lsrB", "lsrF", "lsrG"]
833	1607346	1608104	["tam"]
834	1608108	1609022	["yneE"]
835	1609229	1610680	["uxaB"]
836	1610907	1611854	["dgcF"]
837	1611966	1614703	["yneG", "glsB", "sad"]
838	1614804	1615685	["yneJ"]
839	1615763	1616878	["yneK"]
840	1617028	1618218	["ydeA"]
841	1618243	1618908	["marC"]
842	1619120	1620207	["marR", "marA", "marB"]
843	1620238	1621137	["eamA"]
844	1621332	1622519	["ydeE"]
845	1622646	1622845	["mgtS", "mgtT"]
846	1622960	1623850	["dgcZ"]
847	1624105	1624497	["ydeI"]
848	1624773	1625291	["ydeJ"]
849	1625335	1627380	["dcp"]
850	1627517	1628263	["ydfG"]
851	1628352	1629038	["rspR"]
852	1629215	1629418	["ydfZ"]
853	1629453	1632285	["ydfI", "ydfJ"]
854	1632890	1633003	["ynfT"]
855	1633072	1633305	["ydfK"]
856	1633622	1634212	["pinQ"]
857	1634310	1636367	["tfaQ", "stfQ", "nohA"]
858	1636756	1637457	["ynfO", "ydfO"]
859	1637609	1637782	["gnsB"]
860	1637954	1638109	["ynfN"]
861	1638188	1638667	["ynfR", "ynfQ", "cspI"]
862	1639030	1639334	["rzpQ", "rzoQ"]
863	1639524	1640585	["rrrQ", "ydfR", "essQ"]
864	1640805	1640975	["ynfU"]
865	1641339	1641554	["cspB"]
866	1641855	1642211	["cspF", "ynfS"]
867	1642489	1644304	["ydfT", "ydfU"]
868	1644651	1644902	["rem"]
869	1645119	1645274	["hokD"]
870	1645346	1645872	["relE", "relB"]
871	1645897	1646202	["ydfV"]
872	1646405	1646737	["flxA"]
873	1647174	1647850	["ydfW", "ydfX", "dicC"]
874	1647934	1648341	["dicA"]
875	1648508	1649041	["ydfA", "ydfB", "ydfC"]
876	1649609	1649985	["dicB", "ydfD"]
877	1652728	1655141	["ynfP", "rspB", "rspA"]
878	1655347	1655673	["ynfA"]
879	1655808	1656744	["ynfB", "speG"]
880	1656747	1657457	["ynfC"]
881	1657565	1657870	["ynfD"]
882	1658069	1665120	["ynfE", "ynfF", "ynfG", "ynfH", "dmsD"]
883	1665315	1666571	["clcB"]
884	1666524	1667219	["bidA"]
885	1667344	1668564	["mlc"]
886	1668699	1669592	["ynfL"]
887	1669699	1670952	["ynfM"]
888	1671376	1671684	["asr"]
889	1671777	1671860	["ydgU"]
890	1671960	1672781	["ydgD"]
891	1672820	1673501	["mdtI", "mdtJ"]
892	1673608	1673709	["mdtU"]
893	1673913	1674947	["tqsA"]
894	1674972	1677903	["pntB", "pntA"]
895	1678427	1679371	["ydgH"]
896	1679557	1681698	["ydgI", "folM"]
897	1681695	1682030	["ydgC"]
898	1682159	1684183	["rstA", "rstB"]
899	1684259	1685188	["tus"]
900	1685185	1688377	["fumC", "fumA"]
901	1688576	1689751	["manA"]
902	1689852	1691360	["ydgA"]
903	1691586	1696071	["uidC", "uidB", "uidA"]
904	1696462	1699180	["uidR", "hdhA", "malI"]
905	1699355	1702129	["malX", "malY"]
906	1702233	1703234	["add"]
907	1703268	1704308	["ydgJ"]
908	1704551	1704676	["blr"]
909	1704949	1705164	["cnu"]
910	1705250	1705690	["ydgK"]
911	1705767	1712158	["rsxA", "rsxB", "rsxC", "rsxD", "rsxG", "rsxE", "nth"]
912	1712769	1714982	["dtpA", "gstA"]
913	1715026	1718395	["pdxY", "tyrS", "pdxH", "mliC"]
914	1718493	1719602	["anmK"]
915	1719876	1720343	["slyB"]
916	1720390	1720824	["slyA"]
917	1721025	1724133	["ydhI", "ydhJ", "ydhK"]
918	1724134	1724655	["sodC"]
919	1724736	1725920	["ydhF", "ydhL"]
920	1726023	1728244	["nemR", "nemA", "gloA"]
921	1728347	1728994	["rnt"]
922	1729087	1733703	["lhr"]
923	1733754	1734101	["grxD"]
924	1734435	1735250	["mepH"]
925	1735378	1735959	["sodB"]
926	1736121	1737290	["ydhP"]
927	1737456	1737545	["cydH"]
928	1737844	1738869	["purR"]
929	1738866	1739798	["punR"]
930	1739911	1741122	["punC"]
931	1741413	1742561	["cfa"]
932	1742601	1743242	["ribC"]
933	1743457	1744830	["mdtK"]
934	1744871	1746127	["ydhQ"]
935	1746700	1747005	["ydhR"]
936	1747131	1748735	["ydhS"]
937	1748747	1751013	["ydhT", "ydhU", "ydhX"]
938	1751077	1754477	["ydhW", "ydhV", "ydhY"]
939	1754932	1755141	["fumD"]
940	1755496	1757110	["ynhH", "pykF"]
941	1757421	1757657	["lpp"]
942	1757721	1758725	["ldtE"]
943	1758874	1764386	["sufE", "sufS", "sufD", "sufC", "sufB", "sufA"]
944	1764934	1765122	["ydiH"]
945	1765222	1768685	["menI", "ydiJ"]
946	1769074	1770186	["ydiK"]
947	1770615	1770971	["ydiL"]
948	1771071	1775444	["ydiM", "ydiN", "ydiB", "aroD"]
949	1775587	1778347	["ydiF", "ydiO"]
950	1778390	1779301	["ydiP"]
951	1779617	1784677	["ydiQ", "ydiR", "ydiS", "ydiT", "fadK"]
952	1784734	1787112	["ppsA"]
953	1787445	1788278	["ppsR"]
954	1788435	1789481	["aroH"]
955	1789613	1789804	["ydiE"]
956	1789808	1791244	["selO"]
957	1791307	1792020	["rflP"]
958	1792267	1792731	["nlpC"]
959	1792809	1795152	["btuD", "btuE", "btuC"]
960	1795253	1798942	["ihfA", "pheT", "pheS"]
961	1799226	1799270	["pheM"]
962	1799393	1802570	["rplT", "rpmI", "infC", "thrS"]
963	1805165	1805272	["yniD"]
964	1805325	1806083	["ydiY"]
965	1806370	1807299	["pfkB"]
966	1807400	1807690	["ydiZ"]
967	1807796	1808656	["yniA"]
968	1808697	1809233	["yniB"]
969	1809380	1810048	["hxpB"]
970	1810211	1810801	["ydjM"]
971	1810934	1812325	["tcyP"]
972	1812329	1813132	["ydjO"]
973	1813421	1813663	["cedA"]
974	1813867	1816128	["katE"]
975	1816386	1821619	["chbG", "chbF", "chbR", "chbA", "chbC", "chbB"]
976	1821918	1822256	["osmE"]
977	1822458	1823285	["nadE"]
978	1823515	1824402	["cho"]
979	1824362	1824937	["ves"]
980	1825140	1825625	["spy"]
981	1825955	1831982	["astE", "astB", "astD", "astA", "astC"]
982	1832428	1833234	["xthA"]
983	1833401	1840774	["ydjX", "ydjY", "ydjZ", "ynjA", "ynjB", "ynjC", "ynjD", "ynjE"]
984	1840783	1841403	["ynjF"]
985	1841490	1841897	["nudG"]
986	1841863	1842135	["ynjH"]
987	1842371	1843714	["gdhA"]
988	1843831	1844871	["ynjI"]
989	1844999	1848008	["topB", "selD"]
990	1848125	1848676	["ydjA"]
991	1848837	1850693	["sppA"]
992	1850860	1852528	["ansA", "pncA"]
993	1852621	1853979	["ydjE"]
994	1854096	1861332	["ydjF", "ydjG", "ydjH", "ydjI", "ydjJ", "ydjK", "ydjL"]
995	1861702	1862429	["yeaC", "msrB"]
996	1862771	1864734	["gapA", "yeaD"]
997	1864782	1865636	["yeaE"]
998	1865726	1866472	["mipA"]
999	1866908	1870238	["yeaG", "yeaH"]
1000	1870385	1874077	["cdgI", "dgcJ", "yeaK"]
1001	1874078	1874182	["yoaI"]
1002	1874352	1874798	["yeaL"]
1003	1874755	1875576	["nimR"]
1004	1875673	1877256	["nimT", "yeaO"]
1005	1877278	1877532	["yoaF"]
1006	1877715	1878948	["dgcP", "yoaK", "yoaJ"]
1007	1879007	1879255	["yeaQ"]
1008	1879403	1879948	["yoaG", "yeaR"]
1009	1880121	1881809	["leuE", "dmlR"]
1010	1881912	1882997	["dmlA"]
1011	1883188	1886810	["yeaV", "yeaW", "yeaX"]
1012	1886864	1889746	["rnd", "fadD"]
1013	1889951	1893235	["yeaY", "tsaB", "yoaA"]
1014	1893367	1893711	["yoaB"]
1015	1894133	1894432	["yoaC"]
1016	1894552	1894731	["yoaH"]
1017	1894805	1896748	["pabB", "nudL"]
1018	1896932	1898296	["sdaA"]
1019	1898427	1900025	["pdeD"]
1020	1900029	1901731	["yoaE", "yoaL"]
1021	1902048	1905259	["manX", "manY", "manZ", "yobD"]
1022	1905688	1906254	["mntP"]
1023	1906251	1907060	["rlmA"]
1024	1907226	1907591	["cspC", "yobF"]
1025	1908261	1908548	["yebO"]
1026	1908623	1908766	["mgrB"]
1027	1908925	1909164	["yobH"]
1028	1909308	1910099	["kdgR"]
1029	1910276	1911649	["yebQ"]
1030	1911695	1912576	["htpX"]
1031	1912768	1916128	["prc", "proQ", "msrC"]
1032	1916258	1920143	["letA", "letB"]
1033	1920223	1921662	["rsmF"]
1034	1921780	1922016	["yebV"]
1035	1922121	1922312	["yebW"]
1036	1922313	1922969	["pphA"]
1037	1923365	1924969	["yebY", "yebZ", "yobA"]
1038	1925108	1925338	["holE"]
1039	1925440	1926782	["yobB", "exoX"]
1040	1926779	1928839	["ptrB"]
1041	1929048	1929707	["yebE"]
1042	1930034	1930390	["yebF"]
1043	1930457	1930747	["yebG"]
1044	1930881	1932059	["purT"]
1045	1932115	1936314	["eda", "edd", "zwf"]
1046	1936652	1937521	["yebK"]
1047	1937649	1939091	["pykA"]
1048	1939222	1940193	["lpxM"]
1049	1940313	1942583	["mepM", "znuA"]
1050	1942662	1944199	["znuC", "znuB"]
1051	1944346	1945976	["ruvB", "ruvA"]
1052	1946115	1946180	["yobI"]
1053	1946251	1946853	["yebB"]
1054	1946855	1948632	["ruvC", "yebC", "nudB"]
1055	1948750	1950522	["aspS"]
1056	1950832	1954413	["yecD", "yecE", "yecN", "cmoA", "cmoB"]
1057	1954578	1958132	["torZ", "torY"]
1058	1958520	1959846	["cutC", "yecM"]
1059	1960062	1961795	["argS"]
1060	1961837	1961881	["yecV"]
1061	1961972	1962460	["yecT"]
1062	1962580	1975033	["flhE", "flhA", "flhB", "cheZ", "cheY", "cheB", "cheR", "tap", "tar", "cheW", "cheA"]
1063	1975329	1977139	["cheA_2", "motB", "motA"]
1064	1977266	1978197	["flhC", "flhD"]
1065	1978518	1979215	["insB5", "insA5"]
1066	1979753	1980181	["uspC"]
1067	1980188	1982387	["otsA", "otsB"]
1068	1982554	1986128	["araH", "araG", "araF"]
1069	1986925	1987428	["ftnB"]
1070	1987507	1987758	["yecJ"]
1071	1987873	1987959	["azuC"]
1072	1988222	1988545	["yecR"]
1073	1988716	1989213	["ftnA"]
1074	1989251	1989490	["yecH"]
1075	1989681	1990892	["tyrP"]
1076	1990954	1991619	["yecA"]
1077	1992269	1995359	["pgsA", "uvrC", "uvrY"]
1078	1995655	1996042	["yecU", "yecF"]
1079	1996110	1996832	["sdiA"]
1080	1997062	1999480	["tcyN", "tcyL", "dcyD"]
1081	1999585	2000385	["tcyJ"]
1082	2000473	2003606	["fliZ", "fliA", "fliC"]
1083	2003872	2006078	["fliD", "fliS", "fliT"]
1084	2006156	2007643	["amyA"]
1085	2007677	2008090	["yedD"]
1086	2008277	2009712	["yedE", "yedF"]
1087	2009821	2010489	["yedK"]
1088	2010600	2011079	["yedL"]
1089	2012700	2013014	["fliE"]
1090	2013229	2023678	["fliF", "fliG", "fliH", "fliI", "fliJ", "fliK", "fliL", "fliM", "fliN", "fliO", "fliP", "fliQ", "fliR"]
1091	2023968	2024591	["rcsA"]
1092	2024635	2024823	["dsrB"]
1093	2024986	2025213	["yodD"]
1094	2025511	2026326	["yedP"]
1095	2026323	2028017	["dgcQ"]
1096	2028188	2029366	["yodC", "yedI"]
1097	2029539	2030459	["yedA"]
1098	2030448	2032317	["vsr", "dcm"]
1099	2032384	2033421	["yedJ", "drpB"]
1100	2035835	2036686	["hchA"]
1101	2036794	2038823	["hprS", "hprR"]
1102	2038956	2041118	["hiuH", "msrP", "msrQ"]
1103	2041375	2042025	["zinT"]
1104	2042368	2042898	["yodB"]
1105	2043651	2044448	["mtfA"]
1106	2044938	2052014	["yeeJ"]
1107	2053643	2054959	["shiA"]
1108	2055061	2056515	["amn"]
1109	2056858	2057574	["yeeN"]
1110	2058203	2059846	["yeeO"]
1111	2059964	2061933	["cbl", "nac"]
1112	2062391	2065764	["ldtA", "cobT", "cobS", "cobU"]
1113	2066305	2067285	["insH6"]
1114	2068635	2068940	["yoeA"]
1115	2070277	2070474	["CDS_11"]
1116	2068952	2070180	["insD3", "insC3"]
1117	2071539	2074658	["flu"]
1118	2074779	2076754	["yeeR", "yeeS"]
1119	2076817	2077038	["yeeT"]
1120	2077112	2077480	["cbeA"]
1121	2077569	2078134	["cbtA", "yeeW"]
1122	2078575	2078931	["yoeF"]
1123	2079032	2079361	["tmaR"]
1124	2079427	2080591	["yoeJ", "yeeA"]
1125	2080789	2081262	["sbmC"]
1126	2081381	2082547	["dacD"]
1127	2082756	2084183	["sbcB"]
1128	2084226	2085525	["tsuB", "tsuA"]
1129	2085704	2087114	["plaP", "yoeI"]
1130	2087329	2089128	["yeeY", "yeeZ"]
1131	2089211	2089713	["yoeB", "yefM"]
1132	2089996	2090046	["hisL"]
1133	2090192	2097225	["hisG", "hisD", "hisC", "hisB", "hisH", "hisA", "hisF", "hisI"]
1134	2097321	2098301	["wzzB"]
1135	2098447	2099613	["ugd"]
1136	2099862	2101268	["gnd"]
1137	2101396	2101744	["wbbL"]
1138	2102944	2103389	["CDS_12"]
1139	2101895	2102875	["insH7"]
1140	2103391	2114327	["wbbK", "wbbJ", "wbbI", "wbbH", "glf", "rfbX", "rfbC", "rfbA", "rfbD", "rfbB", "galF"]
1141	2114502	2118404	["wcaM", "wcaL", "wcaK"]
1142	2118680	2137243	["wzxC", "wcaJ", "cpsG", "cpsB", "wcaI", "gmm", "fcl", "gmd", "wcaF", "wcaE", "wcaD", "wcaC", "wcaB", "wcaA", "wzc", "wzb", "wza"]
1143	2137902	2139485	["yegH"]
1144	2139759	2142948	["asmA", "dcd", "udk"]
1145	2143266	2146583	["dgcE"]
1146	2146692	2147540	["alkA"]
1147	2147674	2149026	["yegD"]
1148	2149039	2150985	["yegI"]
1149	2151185	2151646	["yegJ"]
1150	2151711	2153128	["pphC", "yegL"]
1151	2153349	2153408	["ibsA"]
1152	2153681	2153737	["ibsB"]
1153	2154016	2164998	["mdtA", "mdtB", "mdtC", "mdtD", "baeS", "baeR"]
1154	2165189	2165521	["yegP"]
1155	2165668	2167029	["trhP"]
1156	2167302	2167520	["ogrK"]
1157	2167989	2168306	["yegR"]
1158	2168712	2169611	["yegS"]
1159	2169693	2170167	["gatR"]
1160	2171429	2171398	["CDS_13", "insE5", "insF5"]
1161	2171833	2172873	["gatD"]
1162	2174282	2178564	["gatB", "gatA", "gatZ", "gatY", "fbaB"]
1163	2178821	2182061	["yegT", "yegU", "yegV"]
1164	2182035	2183651	["yegW", "yegX"]
1165	2183716	2185301	["thiD", "thiM"]
1166	2185524	2185796	["rcnR"]
1167	2185917	2186741	["rcnA"]
1168	2186960	2187298	["rcnB"]
1169	2187380	2192796	["yehA", "yehB", "yehC", "yehD", "yehE"]
1170	2193059	2194168	["mrp"]
1171	2194300	2196333	["metG"]
1172	2196474	2197298	["yehF"]
1173	2200279	2204289	["yehI", "yehK"]
1174	2204596	2210944	["yehL", "yehM", "yehP", "yehQ"]
1175	2211225	2211686	["yehR"]
1176	2211726	2214644	["yehS", "btsR", "btsS"]
1177	2214866	2215764	["mlrA", "yohO"]
1178	2215745	2219481	["yehW", "yehX", "yehY", "osmF"]
1179	2219692	2221989	["bglX"]
1180	2222185	2223900	["dld"]
1181	2223938	2224870	["pbpG"]
1182	2225044	2225631	["yohC"]
1183	2225801	2226379	["yohD"]
1184	2226509	2227270	["yohF"]
1185	2228982	2229065	["yohP"]
1186	2229438	2230385	["dusC"]
1187	2230624	2231714	["yohJ", "yohK"]
1188	2231844	2232728	["cdd"]
1189	2232878	2233839	["sanA", "yeiS"]
1190	2234033	2236500	["preT", "preA"]
1191	2236743	2241668	["mglC", "mglA", "mglB", "galS"]
1192	2241810	2243652	["yeiB", "folE"]
1193	2243910	2244746	["yeiG"]
1194	2244778	2246769	["cirA"]
1195	2247063	2248532	["lysP"]
1196	2248737	2249618	["yeiE"]
1197	2249717	2250766	["yeiH"]
1198	2250840	2252788	["nfo", "yeiI"]
1199	2252895	2255186	["nupX", "rihB"]
1200	2255355	2256014	["yeiL"]
1201	2256085	2259296	["psuT", "psuG", "psuK"]
1202	2259719	2263495	["fruA", "fruK", "fruB"]
1203	2263863	2265044	["setB"]
1204	2265041	2265295	["yeiW"]
1205	2265450	2266022	["yeiP"]
1206	2266245	2267711	["yeiQ"]
1207	2267829	2269567	["yeiR", "lpxT"]
1208	2269979	2270545	["mepS"]
1209	2270726	2272282	["pdeN"]
1210	2272364	2277889	["yejA", "yejB", "yejE", "yejF"]
1211	2277893	2278237	["yejG"]
1212	2278570	2280483	["bcr", "rsuA"]
1213	2280632	2282392	["radD"]
1214	2282517	2282801	["rplY"]
1215	2282940	2283947	["yejK"]
1216	2284129	2286136	["yejL", "lapC"]
1217	2286390	2288914	["yejO"]
1218	2290114	2290180	["CDS_14"]
1219	2289065	2290045	["insH8"]
1220	2290500	2291147	["narP"]
1221	2291358	2303497	["ccmH", "ccmG", "ccmF", "ccmE", "ccmD", "ccmC", "ccmB", "ccmA", "napC", "napB", "napH", "napG", "napA", "napD", "napF"]
1222	2303606	2303770	["yojO"]
1223	2303905	2304393	["eco"]
1224	2305108	2306754	["mqo"]
1225	2306972	2310405	["yojI", "alkB", "ada"]
1226	2310479	2311534	["ftp"]
1227	2311646	2312749	["ompC"]
1228	2313488	2316827	["rcsD", "rcsB"]
1229	2317027	2319876	["rcsC"]
1230	2320043	2323251	["atoS", "atoC"]
1231	2323447	2327293	["atoD", "atoA", "atoE", "atoB"]
1232	2327367	2329797	["yfaP", "yfaQ"]
1233	2334336	2336644	["yfaT", "yfaA"]
1234	2336793	2339420	["gyrA"]
1235	2339567	2340289	["ubiG"]
1236	2340417	2344169	["yfaL"]
1237	2344594	2344737	["ypaB"]
1238	2344865	2347150	["nrdA"]
1239	2347350	2347385	["yoaM"]
1240	2347384	2348768	["nrdB", "yfaE"]
1241	2348822	2349472	["inaA"]
1242	2349935	2352374	["glpQ", "glpT"]
1243	2352647	2356711	["glpA", "glpB", "glpC"]
1244	2356904	2357803	["rpnE"]
1245	2358042	2362211	["yfaU", "yfaV", "rhmD", "yfaX"]
1246	2362431	2363633	["yfaY"]
1247	2363733	2364275	["yfaZ"]
1248	2364554	2364979	["nudI"]
1249	2365018	2365620	["ais"]
1250	2365910	2373278	["arnB", "arnC", "arnA", "arnD", "arnT", "arnE", "arnF"]
1251	2373272	2373538	["pmrD"]
1252	2373648	2380643	["menE", "menC", "menB", "menH", "menD", "menF"]
1253	2380722	2381543	["elaB", "elaA"]
1254	2381608	2382525	["rbn"]
1255	2382713	2383924	["elaD"]
1256	2383995	2385722	["yfbK"]
1257	2385860	2386831	["yfbL"]
1258	2386934	2387437	["yfbM"]
1259	2387710	2388426	["yfbN"]
1260	2388635	2389964	["yfbO", "yfbP"]
1261	2390048	2405072	["nuoN", "nuoM", "nuoL", "nuoK", "nuoJ", "nuoI", "nuoH", "nuoG", "nuoF", "nuoE", "nuoC", "nuoB", "nuoA"]
1262	2405703	2406641	["lrhA"]
1263	2407561	2409461	["alaA", "yfbR"]
1264	2409520	2411352	["yfbS"]
1265	2411439	2413132	["hxpA", "yfbU", "yfbV"]
1266	2413470	2416891	["ackA", "pta"]
1267	2417081	2418601	["yfcC"]
1268	2418634	2419788	["yfcD", "yfcE"]
1269	2419841	2420485	["yfcF"]
1270	2420621	2422601	["yfcG", "folX", "yfcH"]
1271	2422649	2423539	["rpnB"]
1272	2423736	2427791	["hisP", "hisM", "hisQ", "hisJ", "argT"]
1273	2428057	2430763	["ubiX", "purF", "cvpA"]
1274	2431022	2433926	["dedD", "folC", "accD"]
1275	2434082	2437851	["dedA", "truA", "usg", "pdxB"]
1276	2437950	2438945	["flk"]
1277	2438942	2440120	["yfcJ"]
1278	2440385	2441605	["fabB"]
1279	2441764	2443770	["mnmC"]
1280	2443891	2448440	["yfcL", "epmC", "yfcA", "mepA", "aroC", "prmB"]
1281	2448606	2449157	["smrB"]
1282	2449228	2452336	["yfcO", "yfcP", "yfcQ", "yfcR", "yfcS"]
1283	2455083	2455646	["yfcV"]
1284	2456327	2456812	["sixA"]
1285	2457015	2460469	["fadJ", "fadI"]
1286	2460650	2460934	["yfcZ"]
1287	2461306	2462646	["fadL"]
1288	2463012	2464070	["yfdF"]
1289	2464252	2465007	["mlaA"]
1290	2465301	2466233	["yfdC"]
1291	2466545	2467702	["intS"]
1292	2467855	2470462	["yfdG", "yfdH", "yfdI"]
1293	2470497	2470643	["yodE"]
1294	2471077	2471517	["yfdK"]
1295	2472112	2473246	["yfdM", "yfdN", "yfdO"]
1296	2473604	2473966	["yfdP"]
1297	2474032	2474856	["yfdQ"]
1298	2474984	2476234	["yfdR", "yfdS", "yfdT", "ypdJ"]
1299	2476310	2476510	["torI"]
1300	2476694	2477629	["dsdC"]
1301	2477847	2480530	["dsdX", "dsdA"]
1302	2480638	2483339	["emrY", "emrK"]
1303	2483729	2487967	["evgL", "evgA", "evgS"]
1304	2488023	2490186	["yfdE", "yfdV"]
1305	2490256	2493254	["oxc", "frc"]
1306	2493767	2494402	["yfdX"]
1307	2494698	2494973	["ypdI"]
1308	2495050	2495292	["yfdY"]
1309	2495645	2496565	["lpxP"]
1310	2496921	2496992	["ypdK"]
1311	2497057	2498295	["alaC"]
1312	2498671	2501987	["pyrS", "pyrR", "ypdC"]
1313	2501990	2508242	["fryA", "ypdE", "ypdF", "fryC", "fryB"]
1314	2508461	2509426	["glk"]
1315	2509630	2510886	["yfeO"]
1316	2511001	2511327	["ypeC"]
1317	2511468	2512776	["mntH", "ypeD"]
1318	2513042	2514244	["nupC"]
1319	2514331	2515443	["insL3"]
1320	2515643	2517832	["pdeA"]
1321	2518467	2519205	["yfeC", "yfeD"]
1322	2519257	2520672	["gltX"]
1323	2521593	2522477	["xapR"]
1324	2522729	2524878	["xapB", "xapA"]
1325	2525127	2525891	["yfeN"]
1326	2525930	2526856	["yfeR"]
1327	2526946	2527944	["yfeH"]
1328	2527941	2531233	["ypeB", "ligA", "zipA"]
1329	2531463	2532224	["cysZ"]
1330	2532409	2533380	["cysK"]
1331	2533764	2536343	["ptsH", "ptsI", "crr"]
1332	2536386	2537237	["pdxK"]
1333	2537342	2538483	["yfeK", "yfeS"]
1334	2538672	2543528	["cysM", "cysA", "cysW", "cysU", "cysP"]
1335	2543832	2545609	["ucpA", "murR"]
1336	2545773	2549406	["murQ", "murP", "yfeW"]
1337	2549646	2550545	["yfeX"]
1338	2550641	2552138	["yfeY", "yfeZ", "ypeA"]
1339	2552352	2554124	["amiA", "hemF"]
1340	2554130	2558679	["eutR", "eutK", "eutL", "eutC", "eutB"]
1341	2558858	2560066	["intZ"]
1342	2560257	2560898	["yffL"]
1343	2561368	2561993	["yffM", "yffN"]
1344	2562111	2563117	["yffO", "yffP"]
1345	2563592	2564372	["yffQ", "yffR"]
1346	2564523	2565332	["yffS"]
1347	2565481	2575805	["eutA", "eutH", "eutG", "eutJ", "eutE", "eutN", "eutM", "eutD", "eutT", "eutQ", "eutP", "eutS"]
1348	2576098	2578377	["maeB"]
1349	2578666	2581639	["talA", "tktB"]
1350	2581734	2582777	["ypfG"]
1351	2582903	2585525	["nudK", "aegA"]
1352	2585731	2587431	["narQ"]
1353	2587595	2590708	["acrD"]
1354	2590807	2590866	["ypfM"]
1355	2591247	2592962	["yffB", "dapE", "ypfN"]
1356	2593072	2596737	["ypfH", "tmcA", "ypfJ"]
1357	2596905	2597618	["purC"]
1358	2597831	2599760	["bamC", "dapA"]
1359	2599906	2600948	["gcvR", "bcp"]
1360	2601201	2614782	["hyfA", "hyfB", "hyfC", "hyfD", "hyfE", "hyfF", "hyfG", "hyfH", "hyfI", "hyfJ", "hyfR", "focB"]
1361	2614820	2615881	["yfgO"]
1362	2616094	2617937	["bepA", "yfgD"]
1363	2618075	2618776	["hda"]
1364	2618871	2620872	["uraA", "upp"]
1365	2621197	2622872	["purM", "purN"]
1366	2623044	2626656	["ppk", "ppx"]
1367	2626695	2628938	["pdeF"]
1368	2629290	2629481	["yfgG"]
1369	2629792	2630865	["yfgH", "yfgI"]
1370	2630958	2634070	["guaA", "guaB"]
1371	2634232	2635602	["xseA"]
1372	2635599	2635814	["yfgJ"]
1373	2635884	2642844	["der", "bamB", "yfgM", "hisS", "ispG", "rodZ"]
1374	2643129	2644864	["rlmN", "ndk"]
1375	2645013	2652287	["pbpC", "yfhM"]
1376	2652494	2653339	["sseA"]
1377	2654001	2654126	["timP"]
1378	2654157	2654933	["sseB"]
1379	2655075	2656358	["pepB"]
1380	2656536	2662131	["iscX", "fdx", "hscA", "hscB", "iscA", "iscU", "iscS", "iscR"]
1381	2662583	2663323	["trmJ"]
1382	2663442	2664245	["suhB"]
1383	2664390	2665244	["yfhR"]
1384	2665435	2666715	["csiE"]
1385	2666707	2667846	["hcaT"]
1386	2668006	2668071	["hcaR", "iroK"]
1387	2669032	2673249	["hcaE", "hcaF", "hcaC", "hcaB", "hcaD"]
1388	2673346	2673768	["yphA"]
1389	2673816	2679367	["yphB", "yphC", "yphD", "yphE", "yphF"]
1390	2679464	2682745	["yphG"]
1391	2682863	2684056	["yphH"]
1392	2684254	2685507	["glyA"]
1393	2685835	2687025	["hmp"]
1394	2687070	2689506	["glnB", "glrR", "qseG"]
1395	2689671	2691098	["glrK"]
1396	2691656	2695543	["purL"]
1397	2695801	2697357	["mltF"]
1398	2697354	2698550	["tadA", "pgpC"]
1399	2698759	2699607	["yfhH"]
1400	2699663	2699923	["yfhL"]
1401	2700117	2700197	["shoB"]
1402	2700618	2704063	["acpS", "pdxJ", "recO", "era", "rnc"]
1403	2704335	2707124	["lepB", "lepA"]
1404	2707322	2710164	["rseC", "rseB", "rseA", "rpoE", "rseD"]
1405	2710420	2712042	["nadB"]
1406	2712027	2712764	["yfiC"]
1407	2712896	2714230	["srmB"]
1408	2714439	2715320	["yfiE"]
1409	2715423	2716010	["eamB"]
1410	2716066	2716449	["grcA"]
1411	2716754	2717443	["ung"]
1412	2717491	2718528	["yfiF"]
1413	2718735	2722613	["trxC", "tapT", "patZ"]
1414	2722702	2724451	["pssL", "pssA", "yfiM"]
1415	2724448	2725746	["kgtP"]
1416	2725925	2725987	["yfiS"]
1417	2731600	2733729	["clpB"]
1418	2731600	2733729	["clpB_2"]
1419	2734303	2736011	["yfiH", "rluD"]
1420	2736146	2736883	["bamD"]
1421	2737154	2737495	["raiA"]
1422	2737599	2737646	["pheL"]
1423	2737745	2738905	["pheA"]
1424	2738948	2741150	["tyrA", "aroF"]
1425	2741360	2741725	["yfiL"]
1426	2741875	2744107	["yfiR", "dgcN", "yfiB"]
1427	2744183	2747795	["rplS", "trmD", "rimM", "rpsP", "ffh"]
1428	2747962	2750060	["ypjD", "yfjD"]
1429	2750115	2750708	["grpE"]
1430	2750831	2753946	["nadK", "recN", "bamE"]
1431	2754008	2754764	["yfjF", "ratA"]
1432	2754896	2755378	["smpB"]
1433	2756159	2757400	["intA"]
1434	2757644	2758600	["yfjH"]
1435	2758644	2758856	["alpA"]
1436	2758985	2760394	["yfjI"]
1437	2760547	2761173	["yfjJ"]
1438	2761351	2765153	["abpB", "abpA"]
1439	2765513	2765776	["yfjM"]
1440	2765918	2767355	["rnlA", "rnlB"]
1441	2767710	2768573	["yfjP"]
1442	2768665	2769486	["yfjQ"]
1443	2769703	2771615	["yfjR", "ypjK", "yfjS", "yfjT"]
1444	2771840	2772154	["yfjU"]
1445	2773318	2775021	["yfjW"]
1446	2775919	2777782	["yfjX", "yfjY", "ypjJ", "yfjZ", "ypjF"]
1447	2778146	2782726	["ypjA"]
1448	2783638	2784429	["ypjB"]
1449	2784529	2785011	["ypjC"]
1450	2788985	2796336	["glaH", "lhgD", "gabD", "gabT", "gabP", "glaR"]
1451	2796337	2797028	["kbp", "yqaE"]
1452	2797211	2798044	["ygaV", "ygaP"]
1453	2798091	2798495	["stpA"]
1454	2799164	2799613	["alaE"]
1455	2799650	2799994	["ygaC"]
1456	2800146	2800475	["ygaM"]
1457	2800723	2804461	["nrdH", "nrdI", "nrdE", "nrdF"]
1458	2804815	2808124	["proV", "proW", "proX"]
1459	2809617	2810679	["ygaZ", "ygaH"]
1460	2810770	2814154	["mprA", "emrA", "emrB"]
1461	2814218	2817503	["luxS", "gshA", "yqaA", "yqaB"]
1462	2818961	2819146	["csrA"]
1463	2819381	2824346	["alaS", "recX", "recA", "pncC"]
1464	2824491	2825576	["mltB"]
1465	2825832	2828516	["srlA", "srlE", "srlB", "srlD"]
1466	2828621	2830778	["gutM", "srlR", "gutQ"]
1467	2830775	2832289	["norR"]
1468	2832476	2835045	["norV", "norW"]
1469	2835173	2838105	["hypF", "hydN"]
1470	2838254	2839264	["ascG"]
1471	2839524	2842414	["ascF", "ascB"]
1472	2842573	2849849	["hycI", "hycH", "hycG", "hycF", "hycE", "hycD", "hycC", "hycB"]
1473	2849974	2850435	["hycA"]
1474	2850647	2856416	["hypA", "hypB", "hypC", "hypD", "hypE", "fhlA"]
1475	2856453	2856806	["ygbA"]
1476	2857093	2859654	["mutS"]
1477	2859760	2860416	["pphB"]
1478	2860467	2861234	["ygbI"]
1479	2861430	2866465	["ygbJ", "ygbK", "ygbL", "ygbM", "ygbN"]
1480	2866559	2872820	["rpoS", "nlpD", "pcm", "umpG", "truD", "ispF", "ispD", "ftsB"]
1481	2873014	2876329	["ygbE", "cysC", "cysN", "cysD"]
1482	2876581	2877618	["iap"]
1483	2878569	2884138	["cas2", "cas1", "casE", "casD", "casC", "casB", "casA"]
1484	2884553	2887219	["cas3"]
1485	2887578	2891898	["cysH", "cysI", "cysJ"]
1486	2892214	2892579	["queD"]
1487	2892657	2894771	["ygcN", "ygcO", "ygcP"]
1488	2894919	2897870	["ygcQ", "ygcR", "ygcS"]
1489	2897964	2900273	["ygcU", "ygcW"]
1490	2900592	2903374	["yqcE", "ygcE"]
1491	2904747	2905418	["queE"]
1492	2905557	2906583	["yqcG", "ygcG"]
1493	2906643	2909666	["eno", "pyrG"]
1494	2909894	2915000	["mazG", "mazF", "mazE", "relA", "rlmD"]
1495	2915057	2917813	["barA"]
1496	2918045	2922100	["gudD", "gudX", "gudP"]
1497	2922535	2924113	["yqcA", "truC", "yqcC"]
1498	2924735	2925280	["syd"]
1499	2925348	2926196	["queF"]
1500	2926308	2927672	["ppnN"]
1501	2928229	2930943	["sdaC", "sdaB"]
1502	2931055	2931810	["ygdG"]
1503	2931865	2933688	["fucO", "fucA"]
1504	2934235	2940099	["fucP", "fucI", "fucK", "fucU", "fucR"]
1505	2940143	2942567	["rlmM", "ygdD", "gcvA"]
1506	2942918	2943145	["ygdI"]
1507	2943337	2944985	["csdA", "csdE"]
1508	2945036	2945842	["tcdA"]
1509	2946081	2947178	["mltA"]
1510	2947757	2949010	["amiC"]
1511	2949242	2950573	["argA"]
1512	2950635	2958884	["recD", "recB", "ptrA"]
1513	2959060	2964177	["recC", "ppdC", "ygdB", "ppdB", "ppdA"]
1514	2964361	2966037	["thyA", "lgt"]
1515	2966188	2968977	["ptsP", "rppH"]
1516	2969330	2969476	["ygdT"]
1517	2969662	2971133	["mutH", "ygdQ"]
1518	2971271	2971489	["ygdR"]
1519	2971597	2972637	["tas"]
1520	2972669	2976014	["lplT", "aas"]
1521	2976599	2977630	["galR"]
1522	2977637	2978899	["lysA"]
1523	2979021	2979956	["lysR"]
1524	2979943	2980635	["ygeA"]
1525	2980764	2982182	["araE"]
1526	2982497	2984124	["kduD", "kduI"]
1527	2984411	2985592	["yqeF"]
1528	2985847	2987076	["yqeG"]
1529	2987536	2988168	["yqeH"]
1530	2988502	2989786	["yqeI", "yqeJ"]
1531	2989819	2990360	["yqeL", "yqeK"]
1532	2991268	2991759	["ygeG"]
1533	2992094	2993470	["ygeH"]
1534	2993638	2993856	["ygeI"]
1535	2996372	2997600	["insD4", "insC4"]
1536	2998034	2998828	["ygeQ"]
1537	2999136	2999891	["actS"]
1538	3000345	3003968	["xdhA", "xdhB", "xdhC"]
1539	3004008	3005786	["ygeV"]
1540	3006262	3012393	["ygeW", "ygeX", "ygeY", "hyuA", "yqeA"]
1541	3012614	3015057	["yqeB", "yqeC"]
1542	3015160	3015738	["mocA"]
1543	3016060	3028488	["ygfK", "ssnA", "ygfM", "xdhD", "xanQ", "guaD", "ghxQ"]
1544	3028524	3030931	["ygfS", "ygfT"]
1545	3031367	3032942	["uacT", "yqfG"]
1546	3032939	3033010	["yqfH"]
1547	3033065	3033613	["idi"]
1548	3033657	3036206	["lysS", "prfB"]
1549	3036208	3036282	["CDS_15"]
1550	3036373	3039743	["recJ", "dsbC", "xerD"]
1551	3039855	3040376	["fldB"]
1552	3040416	3041070	["ygfX", "sdhE"]
1553	3041313	3042293	["ygfZ"]
1554	3042489	3043148	["yqfA"]
1555	3043312	3043623	["yqfB"]
1556	3043662	3045101	["bglA"]
1557	3045158	3045901	["ygfF"]
1558	3046168	3050667	["gcvP", "gcvH", "gcvT"]
1559	3050958	3051041	["yqfI"]
1560	3051115	3055444	["ubiI", "ubiH", "pepP", "ygfB"]
1561	3055612	3055941	["zapA"]
1562	3056241	3056789	["fau"]
1563	3056890	3056949	["ibsC"]
1564	3057178	3058410	["serA"]
1565	3058666	3059325	["rpiA"]
1566	3059753	3060646	["argP"]
1567	3060850	3066280	["scpA", "argK", "scpB", "scpC"]
1568	3066277	3067173	["ygfI"]
1569	3067340	3068080	["yggE"]
1570	3068173	3068808	["argO"]
1571	3068947	3069807	["mscS"]
1572	3070165	3073691	["fbaA", "pgk", "epd"]
1573	3073976	3079330	["yggC", "fumE", "yggF", "yggP", "cmtA", "cmtB"]
1574	3079644	3081635	["tktA"]
1575	3081913	3082671	["loiP"]
1576	3082877	3086051	["speB", "speA", "yqgB"]
1577	3086145	3086288	["yqgG"]
1578	3086187	3086402	["yqgC"]
1579	3086399	3086650	["yqgD"]
1580	3086706	3087860	["metK"]
1581	3088284	3089678	["galP"]
1582	3089755	3093916	["yggI", "endA", "rsmE", "gshB", "yqgE", "yqgF"]
1583	3094100	3095080	["yggR"]
1584	3095098	3098403	["yggS", "yggT", "yggU", "rdgB", "hemW"]
1585	3098558	3099565	["yggM"]
1586	3099682	3100728	["ansB"]
1587	3100904	3101623	["yggN"]
1588	3101807	3102852	["yggL", "trmB"]
1589	3103013	3105512	["mutY", "yggX", "mltC"]
1590	3105714	3106970	["nupG"]
1591	3107020	3109155	["speC"]
1592	3109317	3109400	["yqgH"]
1593	3109553	3110260	["yqgA"]
1594	3110590	3111988	["yghD", "yghE"]
1595	3111266	3111325	["yqhJ"]
1596	3112054	3113477	["yghF", "yghG"]
1597	3113543	3114352	["pppA"]
1598	3114550	3119112	["yghJ"]
1599	3119597	3121279	["glcA"]
1600	3121634	3128021	["glcB", "glcG", "glcF", "glcE", "glcD"]
1601	3128272	3129036	["glcC"]
1602	3129043	3130215	["yghO"]
1603	3130214	3131194	["insH9"]
1604	3131341	3133957	["yghQ", "yghR", "yghS"]
1605	3134131	3134823	["yghT"]
1606	3134872	3136371	["pitB"]
1607	3136663	3138522	["gss"]
1608	3138727	3139593	["yghU"]
1609	3139716	3146261	["hybG", "hybF", "hybE", "hybD", "hybC", "hybB", "hybA", "hybO"]
1610	3146450	3146737	["yghW"]
1611	3147597	3147740	["yqhI"]
1612	3147897	3148937	["gpr"]
1613	3148977	3149471	["yqhA"]
1614	3149662	3150546	["yghA"]
1615	3150818	3151984	["exbD", "exbB"]
1616	3152236	3153423	["metC"]
1617	3153563	3154222	["yghB"]
1618	3154262	3155218	["yqhC"]
1619	3155355	3157450	["yqhD", "dkgA"]
1620	3157650	3158884	["yqhG", "yqhH"]
1621	3158927	3161146	["ygiQ"]
1622	3161257	3163481	["ftsP", "plsC"]
1623	3163715	3165973	["parC"]
1624	3166111	3167718	["ygiS"]
1625	3167851	3168544	["mqsA", "mqsR"]
1626	3168749	3169676	["ygiV", "ygiW"]
1627	3169828	3171833	["qseB", "qseC"]
1628	3171879	3172211	["ygiZ"]
1629	3172530	3173456	["mdaB", "ygiN"]
1630	3173504	3177910	["parE", "yqiA", "cpdA", "yqiB", "nudF"]
1631	3178115	3179596	["tolC"]
1632	3179744	3181581	["ygiB", "ygiC"]
1633	3181619	3182434	["ygiD"]
1634	3182550	3183323	["zupT"]
1635	3183381	3183551	["yqiD"]
1636	3183813	3184466	["ribB"]
1637	3184840	3185130	["ubiK"]
1638	3185414	3186095	["ygiL", "yqiG"]
1639	3187432	3189865	["CDS_16"]
1640	3186187	3187415	["insC5", "insD5"]
1641	3189881	3191696	["yqiH", "yqiI"]
1642	3191739	3191939	["glgS"]
1643	3192208	3194525	["yqiJ", "yqiK"]
1644	3194766	3194825	["ibsD"]
1645	3195141	3195200	["ibsE"]
1646	3195320	3200965	["hldE", "glnE", "ygiF"]
1647	3201207	3201827	["ygiM"]
1648	3201891	3203129	["cca"]
1649	3203310	3204589	["bacA", "folB"]
1650	3204694	3205311	["plsY"]
1651	3205324	3206256	["ttdR"]
1652	3206463	3209487	["ttdA", "ttdB", "ttdT"]
1653	3209530	3210543	["tsaD"]
1654	3210781	3214888	["rpsU", "dnaG", "rpoD"]
1655	3214967	3215473	["mug"]
1656	3215727	3216491	["nfeF"]
1657	3216779	3217402	["nfeR"]
1658	3217556	3219076	["aer"]
1659	3219494	3220873	["patA"]
1660	3220915	3221247	["ygjH"]
1661	3221466	3227667	["ebgR", "ebgA", "ebgC", "ygjI"]
1662	3227801	3231239	["ygjJ", "ygjK"]
1663	3231665	3233683	["fadH"]
1664	3233728	3234455	["higA", "higB"]
1665	3234739	3235875	["rlmG"]
1666	3235960	3236463	["ygjP"]
1667	3236540	3237232	["ygjQ"]
1668	3237311	3238297	["ygjR"]
1669	3238580	3239545	["alx"]
1670	3239944	3241188	["sstT"]
1671	3241193	3241744	["ygjV"]
1672	3241827	3244741	["uxaA", "uxaC"]
1673	3245224	3246522	["exuT"]
1674	3246652	3247428	["exuR"]
1675	3247668	3248822	["yqiM", "yqjA", "mzrA"]
1676	3248969	3250376	["yqjC", "yqjD", "yqjE", "yqjK"]
1677	3250562	3252010	["yqjF", "yqjG"]
1678	3252304	3253267	["yhaH", "yhaI"]
1679	3253318	3254214	["yhaJ"]
1680	3254319	3255207	["yhaK", "yhaL"]
1681	3255341	3258010	["cyuA", "cyuP"]
1682	3258285	3267065	["tdcG", "tdcF", "tdcE", "tdcD", "tdcC", "tdcB", "tdcA"]
1683	3267380	3267598	["tdcR"]
1684	3267854	3269602	["yhaB", "yhaC"]
1685	3270625	3274907	["garK", "garR", "garL", "garP"]
1686	3275282	3276853	["garD"]
1687	3277002	3277801	["prlF", "yhaV"]
1688	3277856	3278665	["agaR"]
1689	3278914	3280690	["kbaZ", "agaV"]
1690	3281976	3287025	["agaS", "kbaY", "agaB", "agaC", "agaD", "agaI"]
1691	3287426	3292432	["yraH", "yraI", "yraJ", "yraK"]
1692	3292475	3293335	["rsmI"]
1693	3293400	3296984	["lpoA", "yraN", "diaA", "dolP"]
1694	3297098	3298138	["yraQ"]
1695	3298211	3298846	["yraR"]
1696	3298974	3299492	["yhbO"]
1697	3299472	3299915	["yhbP"]
1698	3299966	3300268	["yhbQ"]
1699	3300255	3301276	["yhbS", "ubiT"]
1700	3301485	3303367	["ubiU", "ubiV"]
1701	3303448	3304455	["yhbW"]
1702	3304573	3305817	["mtr"]
1703	3305971	3307933	["deaD", "yrbN"]
1704	3308040	3315522	["nlpI", "pnp", "rpsO", "truB", "rbfA", "infB"]
1705	3308040	3315522	["infB_2"]
1706	3308040	3315522	["infB_3"]
1707	3316039	3318006	["nusA", "rimP"]
1708	3318637	3319980	["argG"]
1709	3319988	3321613	["yhbX"]
1710	3322173	3322505	["secG"]
1711	3322733	3327664	["glmM", "folP", "ftsH", "rlmE"]
1712	3327790	3328083	["yhbY"]
1713	3328239	3328715	["greA"]
1714	3328963	3330396	["dacB"]
1715	3330582	3332735	["obgE", "yhbE"]
1716	3332862	3333451	["rpmA", "rplU"]
1717	3333710	3334681	["ispB"]
1718	3334909	3335187	["sfsB"]
1719	3335235	3340065	["murA", "ibaG", "mlaB", "mlaC", "mlaD", "mlaE", "mlaF"]
1720	3340275	3348238	["yrbG", "kdsD", "kdsC", "lptC", "lptA", "lptB", "rpoN", "hpf", "ptsN", "rapZ", "npr"]
1721	3348452	3349084	["yrbL"]
1722	3349081	3350459	["mtgA", "elbB"]
1723	3350689	3353025	["arcB"]
1724	3353121	3354050	["yhcC"]
1725	3354725	3360616	["gltB", "gltD"]
1726	3361176	3361940	["gltF"]
1727	3362112	3365555	["yhcA", "yhcD", "yhcE"]
1728	3366755	3366929	["CDS_17"]
1729	3365702	3366682	["insH10"]
1730	3366926	3367642	["yhcF"]
1731	3367827	3368954	["yhcG"]
1732	3369014	3374489	["nanQ", "nanK", "nanE", "nanT", "nanA", "nanR"]
1733	3374869	3376236	["dcuD"]
1734	3376279	3377420	["sspB", "sspA"]
1735	3377815	3378651	["rpsI", "rplM"]
1736	3378870	3379997	["zapE"]
1737	3380191	3380589	["zapG"]
1738	3380743	3383267	["degQ", "degS"]
1739	3383330	3384268	["mdh"]
1740	3384703	3385173	["argR"]
1741	3385538	3385801	["yhcN"]
1742	3385857	3386129	["yhcO"]
1743	3386221	3389337	["aaeB", "aaeA", "aaeX"]
1744	3389520	3390449	["aaeR"]
1745	3390583	3392028	["tldD"]
1746	3392458	3401087	["yhdP", "rng", "yhdE", "mreD", "mreC", "mreB"]
1747	3401392	3403332	["csrD"]
1748	3403484	3404458	["yhdH"]
1749	3405436	3407266	["accB", "accC"]
1750	3407375	3409951	["yhdT", "panF", "prmA"]
1751	3410280	3411567	["dusB", "fis"]
1752	3411653	3412537	["yhdJ"]
1753	3412621	3412800	["yhdU"]
1754	3412803	3413465	["envR"]
1755	3413864	3418137	["acrE", "acrF"]
1756	3418390	3418611	["yhdV"]
1757	3420134	3423194	["yhdX", "yhdY", "yhdZ"]
1758	3429236	3429790	["yrdA"]
1759	3429766	3433560	["yrdB", "aroE", "tsaC", "yrdD", "smg", "smf"]
1760	3433690	3437894	["def", "fmt", "rsmB", "trkA"]
1761	3438024	3438434	["mscL"]
1762	3438431	3439509	["arfA", "zntR", "yhdN"]
1763	3439616	3453270	["rplQ", "rpoA", "rpsD", "rpsK", "rpsM", "rpmJ", "secY", "rplO", "rpmD", "rpsE", "rplR", "rplF", "rpsH", "rpsN", "rplE", "rplX", "rplN", "rpsQ", "rpmC", "rplP", "rpsC", "rplV", "rpsS", "rplB", "rplW", "rplD", "rplC", "rpsJ"]
1764	3453508	3455398	["gspB", "gspA"]
1765	3455578	3466220	["gspC", "gspD", "gspE", "gspF", "gspG", "gspH", "gspI", "gspJ", "gspK", "gspL", "gspM", "gspO"]
1766	3466249	3466991	["bfr", "bfd"]
1767	3467160	3469853	["chiA"]
1768	3470145	3474552	["tufA", "fusA", "rpsG", "rpsL"]
1769	3474678	3476440	["tusB", "tusC", "tusD", "yheO"]
1770	3476607	3477419	["fkpA"]
1771	3477640	3477858	["slyX"]
1772	3477907	3478497	["slyD"]
1773	3478592	3481161	["yheV", "kefB", "kefG"]
1774	3481289	3485359	["yheS", "yheT", "yheU", "prkB"]
1775	3485414	3485818	["yhfA"]
1776	3486120	3488893	["crp", "yhfK"]
1777	3488960	3490185	["argD", "yrfJ"]
1778	3490266	3491620	["pabA", "fic", "yhfG"]
1779	3491725	3492297	["ppiA"]
1780	3492568	3493749	["tsgA"]
1781	3494011	3499201	["nirB", "nirD", "nirC", "cysG"]
1782	3499448	3499615	["yhfL"]
1783	3499910	3504783	["frlA", "frlB", "frlC", "frlD", "frlR"]
1784	3504935	3510976	["yhfS", "yhfT", "yhfU", "php", "yhfW", "yhfX"]
1785	3511060	3512344	["yhfY", "yhfZ"]
1786	3512634	3519064	["trpS", "gph", "rpe", "dam", "damX", "aroB", "aroK"]
1787	3519465	3522751	["hofQ", "hofP", "hofO", "hofN", "hofM"]
1788	3522871	3525423	["mrcA"]
1789	3525589	3526149	["nudE"]
1790	3526469	3528604	["igaA"]
1791	3528669	3530652	["yrfG", "hslR", "hslO"]
1792	3530715	3532439	["yhgE"]
1793	3532818	3534440	["pck"]
1794	3534516	3536584	["envZ", "ompR"]
1795	3536812	3539706	["greB", "yhgF"]
1796	3540163	3542964	["feoA", "feoB", "feoC"]
1797	3543167	3544045	["rpnA"]
1798	3544074	3544844	["bioH"]
1799	3544882	3546199	["yhgH", "nfuA"]
1800	3546559	3547875	["gntT"]
1801	3547986	3552473	["malQ", "malP"]
1802	3553085	3555790	["malT"]
1803	3555833	3558079	["rtcA", "rtcB"]
1804	3558268	3559866	["rtcR"]
1805	3560622	3561823	["glpG", "glpE"]
1806	3562013	3563518	["glpD"]
1807	3563724	3564005	["yzgL"]
1808	3564134	3573502	["glgP", "glgA", "glgC", "glgX", "glgB"]
1809	3573660	3573708	["yhgO", "yhgP"]
1810	3573775	3574878	["asd"]
1811	3575071	3575664	["yhgN"]
1812	3575721	3578726	["gntU", "gntK", "gntR"]
1813	3578950	3579645	["yhhW"]
1814	3579768	3580805	["yhhX"]
1815	3581138	3581626	["yhhY"]
1816	3581863	3583427	["yhhZ", "yrhA"]
1817	3584205	3584180	["CDS_18", "insA6", "insB6"]
1818	3584404	3584559	["yrhD"]
1819	3584759	3585043	["yrhB"]
1820	3585081	3586823	["ggt"]
1821	3586943	3587383	["yhhA"]
1822	3587370	3592325	["ugpQ", "ugpC", "ugpE", "ugpA", "ugpB"]
1823	3592724	3597560	["livF", "livG", "livM", "livH", "livK"]
1824	3597984	3598367	["panZ"]
1825	3598555	3599658	["livJ"]
1826	3599929	3600783	["rpoH"]
1827	3601028	3604243	["ftsX", "ftsE", "ftsY"]
1828	3604393	3605248	["rsmD", "yhhL"]
1829	3605251	3605610	["yhhM"]
1830	3605751	3606377	["yhhN"]
1831	3606451	3608649	["zntA"]
1832	3608751	3608996	["tusA"]
1833	3609217	3609882	["yhhQ"]
1834	3609955	3610512	["dcrB"]
1835	3610516	3611733	["yhhS"]
1836	3611865	3612914	["yhhT"]
1837	3612969	3613556	["acpT"]
1838	3613667	3618989	["nikA", "nikB", "nikC", "nikD", "nikE", "nikR"]
1839	3619192	3623782	["rhsB", "yhhH"]
1840	3624378	3625514	["yhhI"]
1841	3625679	3630602	["yhhJ", "rbbA", "yhiI"]
1842	3630665	3630778	["yhiY"]
1843	3630968	3632590	["yhiJ"]
1844	3634841	3635893	["yhiM"]
1845	3636208	3637410	["yhiN"]
1846	3637642	3639141	["pitA"]
1847	3639385	3639720	["uspB"]
1848	3640111	3640545	["uspA"]
1849	3640612	3640696	["yriA", "yriB"]
1850	3640862	3642331	["dtpB"]
1851	3642380	3645182	["rsmJ", "prlC"]
1852	3645385	3646227	["rlmJ"]
1853	3646299	3647651	["gor"]
1854	3647705	3647788	["dinQ"]
1855	3648528	3650662	["arsR", "arsB", "arsC"]
1856	3651291	3652036	["yhiS"]
1857	3653236	3653713	["CDS_19"]
1858	3652182	3653162	["insH11"]
1859	3653961	3654527	["slp"]
1860	3654683	3655213	["dctR"]
1861	3655255	3655902	["yhiD"]
1862	3655966	3656292	["hdeB"]
1863	3656408	3656740	["hdeA"]
1864	3656995	3657567	["hdeD"]
1865	3658366	3658893	["gadE"]
1866	3659232	3663527	["mdtE", "mdtF"]
1867	3663890	3665810	["gadW", "gadX"]
1868	3666180	3667580	["gadA"]
1869	3667791	3669188	["ccp"]
1870	3669592	3671241	["treF"]
1871	3671292	3671894	["yhjB"]
1872	3672414	3674375	["rcdB", "yhjD"]
1873	3674786	3676108	["yhjE"]
1874	3676290	3678350	["yhjG"]
1875	3678420	3679187	["pdeH"]
1876	3679419	3680348	["kdgK"]
1877	3680444	3681940	["yhjJ"]
1878	3682161	3683447	["dctA"]
1879	3683630	3695236	["pdeK", "bcsC", "bcsZ", "bcsB", "bcsA"]
1880	3695997	3696185	["yhjR"]
1881	3696458	3699893	["bcsE", "bcsF", "bcsG"]
1882	3699980	3700087	["ldrD"]
1883	3700563	3701834	["yhjV"]
1884	3701864	3707705	["dppF", "dppD", "dppC", "dppB", "dppA"]
1885	3708784	3710475	["eptB"]
1886	3710799	3712007	["yhjX"]
1887	3712236	3712934	["yhjY"]
1888	3713092	3714092	["tag", "yiaC"]
1889	3714061	3716394	["bisC"]
1890	3716547	3717206	["yiaD"]
1891	3717310	3718284	["ghrB"]
1892	3718334	3719044	["yiaF"]
1893	3719478	3719768	["yiaG"]
1894	3720049	3720261	["cspA"]
1895	3720400	3720471	["ysaE"]
1896	3720448	3720600	["hokA"]
1897	3720680	3722049	["insJ", "insK"]
1898	3722328	3725318	["glyS", "glyQ"]
1899	3725413	3725712	["ysaB"]
1900	3725887	3726882	["wecH"]
1901	3726924	3727748	["yiaA", "yiaB"]
1902	3727917	3730765	["xylB", "xylA"]
1903	3731131	3734901	["xylF", "xylG", "xylH"]
1904	3734979	3736157	["xylR"]
1905	3736353	3737203	["bax", "baxL"]
1906	3737497	3739527	["malS"]
1907	3739705	3740958	["avtA"]
1908	3741109	3741582	["ysaA"]
1909	3741684	3742532	["plaR"]
1910	3742733	3750781	["yiaK", "yiaL", "yiaM", "yiaN", "yiaO", "lyxK", "sgbH", "sgbU", "sgbE"]
1911	3751128	3751868	["yiaT"]
1912	3751992	3752966	["yiaU"]
1913	3752963	3754428	["yiaV", "yiaW"]
1914	3754973	3757827	["aldB", "yiaY"]
1915	3758017	3761249	["selB", "selA"]
1916	3761347	3761955	["yibF"]
1917	3762183	3767179	["rhsA", "yibA"]
1918	3768177	3768638	["yibG"]
1919	3769345	3769680	["yibV"]
1920	3770243	3771744	["yibH", "yibI"]
1921	3772281	3776159	["mtlA", "mtlD", "mtlR"]
1922	3776171	3776380	["yibT"]
1923	3776665	3777027	["yibL"]
1924	3777399	3781688	["lldP", "lldR", "lldD", "trmL"]
1925	3781741	3785015	["cysE", "gpsA", "secB", "grxC", "yibN"]
1926	3785260	3789060	["gpmM", "envC", "yibQ"]
1927	3789047	3790081	["waaH"]
1928	3790320	3792551	["tdh", "kbl"]
1929	3792826	3793683	["htrL"]
1930	3793987	3798207	["rfaD", "waaF", "waaC", "waaL"]
1931	3797772	3797846	["yibX", "yibX_2"]
1932	3798039	3798149	["yibY"]
1933	3798239	3800196	["waaU", "waaZ"]
1934	3800267	3808098	["waaY", "waaJ", "waaO", "waaB", "waaS", "waaP", "waaG", "waaQ"]
1935	3808540	3810304	["waaA", "coaD"]
1936	3810343	3812559	["mutM", "rpmG", "rpmB", "yicR"]
1937	3812731	3814387	["dfp", "dut"]
1938	3814494	3815090	["slmA"]
1939	3815127	3816549	["pyrE", "rph"]
1940	3816676	3817539	["yicC"]
1941	3817760	3818584	["dinD"]
1942	3818874	3819491	["yicG"]
1943	3819488	3821170	["ligB"]
1944	3821428	3827291	["gmk", "rpoZ", "spoT", "trmH", "recG"]
1945	3827460	3828665	["gltS"]
1946	3828945	3830336	["xanP"]
1947	3830457	3832166	["yicH"]
1948	3832219	3835929	["yicI", "yicJ"]
1949	3836953	3838137	["setC"]
1950	3838248	3839171	["yicL"]
1951	3838642	3838701	["yicU"]
1952	3839175	3839993	["nlpA"]
1953	3840215	3840508	["yicS"]
1954	3840549	3841739	["nepI"]
1955	3841950	3843789	["yicN", "adeQ"]
1956	3843964	3845730	["adeD"]
1957	3845776	3852784	["uhpT", "uhpC", "uhpB", "uhpA", "ilvN", "ilvB"]
1958	3852890	3852988	["ivbL"]
1959	3853553	3853642	["tisB"]
1960	3853766	3853840	["ysdE"]
1961	3853922	3855106	["emrD"]
1962	3855114	3856307	["yidF", "yidG", "yidH"]
1963	3856415	3856864	["yidI"]
1964	3856911	3860116	["yidJ", "yidK"]
1965	3860283	3861176	["yidL"]
1966	3861987	3863603	["glvB", "glvC"]
1967	3863899	3864615	["yidP"]
1968	3864612	3866273	["yidE"]
1969	3866469	3867422	["ibpB", "ibpA"]
1970	3867728	3868060	["yidQ"]
1971	3868062	3869309	["yidR"]
1972	3869377	3870441	["cbrA"]
1973	3870438	3871730	["dgoT"]
1974	3871850	3875160	["dgoD", "dgoA", "dgoK", "dgoR"]
1975	3875438	3876094	["yidX"]
1976	3876140	3876952	["yidA"]
1977	3877067	3877465	["yidB"]
1978	3877705	3883729	["gyrB", "recF", "dnaN", "dnaA"]
1979	3884026	3884106	["ysdD"]
1980	3884336	3888192	["rpmH", "rnpA", "yidD", "yidC", "mnmE"]
1981	3888435	3888509	["tnaC"]
1982	3888730	3891483	["tnaA", "tnaB"]
1983	3891615	3893724	["mdtL", "yidZ"]
1984	3893881	3895218	["yieE", "yieF"]
1985	3895272	3896609	["adeP"]
1986	3896774	3897439	["yieH"]
1987	3897506	3898609	["cbrB", "cbrC"]
1988	3898671	3906567	["yieK", "yieL", "bglH", "bglB", "bglF", "bglG"]
1989	3906853	3911525	["phoU", "pstB", "pstA", "pstC", "pstS"]
1990	3911839	3922440	["glmS", "glmU", "atpC", "atpD", "atpG", "atpA", "atpH", "atpF", "atpE", "atpB", "atpI"]
1991	3923057	3925633	["rsmG", "mnmG"]
1992	3926012	3926455	["mioC"]
1993	3926545	3927003	["asnC"]
1994	3927155	3928147	["asnA"]
1995	3928152	3931093	["viaA", "ravA"]
1996	3931316	3933184	["kup"]
1997	3933351	3939219	["rbsD", "rbsA", "rbsC", "rbsB", "rbsK", "rbsR"]
1998	3939185	3941327	["hsrA", "yieP"]
1999	3947128	3947967	["hdfR"]
2000	3948086	3948424	["maoP"]
2001	3948449	3949969	["yifB"]
2002	3950322	3950420	["ilvL"]
2003	3950507	3950557	["ilvX"]
2004	3952201	3956875	["ilvM", "ilvE", "ilvD", "ilvA"]
2005	3956927	3957820	["ilvY"]
2006	3957970	3959445	["ilvC"]
2007	3959532	3959813	["ppiC"]
2008	3960677	3962698	["rep"]
2009	3962745	3965630	["gpp", "rhlB"]
2010	3965761	3966090	["trxA"]
2011	3966231	3966332	["rhoL"]
2012	3966417	3967676	["rho"]
2013	3967916	3980696	["rfe", "wzzE", "wecB", "wecC", "rffG", "rffH", "rffC", "wecE", "wzxE", "wecF", "wzyE", "rffM"]
2014	3980887	3982272	["yifK"]
2015	3982958	3984193	["aslB"]
2016	3984352	3986007	["aslA"]
2017	3986686	3990766	["hemY", "hemX", "hemD", "hemC"]
2018	3991153	3993699	["cyaA"]
2019	3993739	3994059	["cyaY"]
2020	3993850	3994335	["yzcX"]
2021	3994522	4000145	["yifL", "dapF", "yigA", "xerC", "yigB", "uvrD"]
2022	4000292	4001056	["yigE"]
2023	4001218	4001274	["ysgD"]
2024	4001426	4002376	["corA"]
2025	4002419	4003193	["yigF", "yigG"]
2026	4003288	4004697	["rarD", "yigI"]
2027	4004862	4005731	["pldA"]
2028	4005864	4007693	["recQ"]
2029	4007757	4008377	["rhtC"]
2030	4008439	4009059	["rhtB"]
2031	4009170	4011975	["pldB", "yigL", "bioP"]
2032	4011863	4012816	["metR"]
2033	4013053	4015314	["metE"]
2034	4015354	4016169	["ysgA"]
2035	4016431	4017192	["udp"]
2036	4017333	4018760	["rmuC"]
2037	4018855	4024336	["ubiE", "ubiJ", "ubiB", "tatA", "tatB", "tatC", "tatD"]
2038	4024333	4024821	["rfaH"]
2039	4024988	4027228	["ubiD", "fre"]
2040	4027609	4030971	["fadA", "fadB"]
2041	4031161	4035153	["pepQ", "yigZ", "trkH", "hemG"]
2042	4040906	4041999	["mobB", "mobA"]
2043	4042069	4044044	["yihD", "srkA", "dsbA"]
2044	4044199	4045629	["yihF"]
2045	4045670	4046602	["yihG"]
2046	4046966	4049752	["polA"]
2047	4050133	4050765	["yihA"]
2048	4051347	4051856	["yihI"]
2049	4052045	4053418	["hemN"]
2050	4053647	4056339	["yshB", "glnG", "glnL"]
2051	4056625	4058034	["glnA"]
2052	4058407	4060230	["bipA"]
2053	4060447	4062145	["yihL", "yihM"]
2054	4062247	4063512	["yihN"]
2055	4063603	4064295	["ompL"]
2056	4064363	4073571	["yihO", "yihP", "yihQ", "yihR", "yihS", "yihT", "yihU"]
2057	4073739	4075454	["yihV", "csqR"]
2058	4075553	4078438	["yihX", "yihY", "dtd", "fabY"]
2059	4079291	4079969	["yiiE", "yiiF"]
2060	4080299	4085822	["fdhE", "fdoI", "fdoH", "fdoG"]
2061	4086016	4086849	["fdhD"]
2062	4087002	4088057	["yiiG"]
2063	4088107	4092823	["frvR", "frvX", "frvB", "frvA"]
2064	4093124	4094272	["rhaM", "rhaD"]
2065	4094723	4097448	["rhaA", "rhaB"]
2066	4097736	4099494	["rhaS", "rhaR"]
2067	4099491	4100525	["rhaT"]
2068	4100810	4101430	["sodA"]
2069	4101690	4102673	["kdgT"]
2070	4102822	4103496	["yiiM"]
2071	4103602	4105670	["cpxA", "cpxR"]
2072	4105820	4106320	["cpxP"]
2073	4106469	4107371	["fieF"]
2074	4107552	4108514	["pfkA"]
2075	4108834	4110685	["sbp", "cdh"]
2076	4110740	4111507	["tpiA"]
2077	4111615	4112214	["yiiQ"]
2078	4112315	4112755	["yiiR"]
2079	4112967	4113721	["yiiS", "uspD"]
2080	4113726	4114472	["fpr"]
2081	4114569	4118090	["glpX", "glpK", "glpF"]
2082	4118515	4118760	["zapB"]
2083	4118845	4120349	["rraA", "menA"]
2084	4120416	4123339	["hslU", "hslV", "ftsN"]
2085	4123431	4126810	["cytR", "priA"]
2086	4127013	4127225	["rpmE"]
2087	4127286	4127894	["yiiX"]
2088	4128078	4128395	["metJ"]
2089	4128672	4133506	["metB", "metL", "metF"]
2090	4133835	4136015	["katG"]
2091	4136108	4137013	["yijE"]
2092	4137040	4137657	["yijF"]
2093	4137932	4142221	["gldA", "fsaB", "ptsA"]
2094	4142530	4147479	["frwC", "frwB", "pflD", "pflC", "frwD"]
2095	4147466	4148317	["yijO"]
2096	4148532	4150265	["eptC"]
2097	4150447	4153098	["ppc"]
2098	4153696	4154847	["argE"]
2099	4155001	4158223	["argC", "argB", "argH"]
2100	4158490	4159407	["oxyR"]
2101	4159390	4160790	["sthA"]
2102	4161067	4162130	["fabR", "yijD"]
2103	4162170	4163270	["trmA"]
2104	4163639	4166285	["btuB", "murI"]
2105	4172057	4174047	["murB", "birA"]
2106	4174076	4175026	["coaA"]
2107	4175944	4189573	["tufB", "secE", "nusG", "rplK", "rplA", "rplJ", "rplL", "rpoB", "rpoC"]
2108	4189786	4190325	["yjaZ"]
2109	4190735	4196099	["thiH", "thiG", "thiS", "thiF", "thiE", "thiC"]
2110	4196332	4196808	["rsd"]
2111	4196903	4200094	["nudC", "hemE", "nfi", "yjaG"]
2112	4200281	4201261	["hupA", "yjaH"]
2113	4201263	4201688	["zraP"]
2114	4201926	4204645	["zraS", "zraR"]
2115	4204642	4207532	["purD", "purH"]
2116	4213234	4213617	["yjaA"]
2117	4213680	4214123	["yjaB"]
2118	4214280	4215209	["metA"]
2119	4215478	4220332	["aceB", "aceA", "aceK"]
2120	4220301	4222487	["arpA"]
2121	4222804	4223628	["iclR"]
2122	4223828	4227511	["metH"]
2123	4227731	4229362	["yjbB"]
2124	4229453	4230142	["pepE"]
2125	4230354	4231226	["rluF"]
2126	4231359	4231631	["yjbD"]
2127	4231884	4233233	["lysC"]
2128	4233758	4235407	["pgi"]
2129	4235906	4236148	["yjbE"]
2130	4236262	4239730	["yjbF", "yjbG", "yjbH"]
2131	4239777	4240055	["yjbT"]
2132	4240325	4240735	["psiE"]
2133	4240779	4242254	["xylE"]
2134	4242626	4246419	["malG", "malF", "malE"]
2135	4246784	4249311	["malK", "lamB"]
2136	4249554	4250474	["malM"]
2137	4252506	4253888	["ubiC", "ubiA"]
2138	4254043	4256466	["plsB"]
2139	4256637	4257005	["dgkA"]
2140	4257115	4259121	["lexA", "dinF"]
2141	4259237	4259446	["yjbJ"]
2142	4259488	4260003	["zur"]
2143	4260321	4261306	["yjbL", "yjbM"]
2144	4261669	4262706	["dusA"]
2145	4262840	4263082	["pspG"]
2146	4263248	4264231	["qorA"]
2147	4264314	4266861	["dnaB", "alr"]
2148	4267114	4268307	["tyrB"]
2149	4268809	4269012	["yjbS"]
2150	4269414	4270127	["aphA"]
2151	4270238	4271014	["yjbQ", "yjbR"]
2152	4271049	4273871	["uvrA"]
2153	4274125	4274661	["ssb"]
2154	4274760	4275041	["yjcB"]
2155	4275471	4277057	["pdeC"]
2156	4277060	4277383	["soxS"]
2157	4277469	4277933	["soxR"]
2158	4278479	4279828	["ghxP"]
2159	4279980	4281629	["yjcE"]
2160	4281783	4283075	["yjcF"]
2161	4283253	4285213	["actP", "yjcH"]
2162	4285413	4287371	["acs"]
2163	4287611	4287667	["ytcB"]
2164	4287764	4294139	["nrfA", "nrfB", "nrfC", "nrfD", "nrfE", "nrfF", "nrfG"]
2165	4294481	4295794	["gltP"]
2166	4296436	4297125	["yjcO"]
2167	4297219	4299366	["fdhF"]
2168	4299564	4304403	["mdtP", "mdtO", "mdtN", "ytcA"]
2169	4304612	4306597	["yjcS"]
2170	4306870	4312991	["alsK", "alsE", "alsC", "alsA", "alsB", "alsR"]
2171	4313350	4313799	["rpiB"]
2172	4313868	4314197	["yjdP"]
2173	4314344	4322422	["phnP", "phnO", "phnN", "phnM", "phnL", "phnK", "phnJ", "phnI", "phnH", "phnG", "phnF"]
2174	4323336	4325165	["phnD", "phnC"]
2175	4325298	4325741	["yjdN"]
2176	4326399	4326734	["yjdM"]
2177	4327135	4330238	["rdcA", "rdcB"]
2178	4330502	4332004	["proP"]
2179	4332116	4332205	["pmrR"]
2180	4332181	4335590	["basS", "basR", "eptA"]
2181	4335694	4337031	["adiC"]
2182	4337168	4337929	["adiY"]
2183	4338254	4340521	["adiA"]
2184	4340720	4341628	["melR"]
2185	4341911	4344790	["melA", "melB"]
2186	4344929	4345558	["yjdF"]
2187	4345680	4348744	["fumB", "dcuB"]
2188	4349315	4351662	["dcuR", "dcuS"]
2189	4351843	4352357	["yjdI", "yjdJ"]
2190	4352584	4353081	["ghoS", "ghoT"]
2191	4353200	4354717	["lysU"]
2192	4354954	4356411	["dtpC"]
2193	4356470	4360031	["cadA", "cadB"]
2194	4360396	4361934	["cadC"]
2195	4362733	4365356	["yjdC", "dsbD", "cutA"]
2196	4365472	4368327	["dcuA", "aspA"]
2197	4368664	4369140	["fxsA"]
2198	4369156	4370412	["yjeH"]
2199	4370688	4372671	["groS", "groL"]
2200	4372809	4373162	["yjeI"]
2201	4373365	4374234	["yjeJ"]
2202	4374629	4375657	["epmB"]
2203	4375699	4376699	["efp", "ecnA", "ecnB"]
2204	4376875	4377192	["gdx"]
2205	4377189	4377722	["blc"]
2206	4377811	4378944	["ampC"]
2207	4379007	4382318	["frdD", "frdC", "frdB", "frdA"]
2208	4382643	4383620	["epmA"]
2209	4383839	4386018	["yjeM", "yjeN", "yjeO"]
2210	4386047	4390360	["mscM", "psd"]
2211	4390457	4391509	["rsgA"]
2212	4391604	4392149	["orn"]
2213	4392892	4392945	["yjeV"]
2214	4392928	4394067	["queG"]
2215	4394066	4404304	["nnr", "tsaE", "amiB", "mutL", "miaA", "hfq", "hflX", "hflK", "hflC"]
2216	4404386	4404583	["yjeT"]
2217	4404687	4405985	["purA"]
2218	4406190	4410006	["nsrR", "rnr", "rlmB"]
2219	4410133	4414191	["yjfI", "yjfJ", "yjfK", "yjfL", "yjfM", "yjfC"]
2220	4414275	4415900	["aidB"]
2221	4416017	4416292	["yjfN"]
2222	4416441	4416770	["bsmA"]
2223	4416952	4417701	["yjfP"]
2224	4417698	4419625	["ulaR", "ulaG"]
2225	4419980	4424386	["ulaA", "ulaB", "ulaC", "ulaD", "ulaE", "ulaF"]
2226	4424516	4424791	["yjfY"]
2227	4425118	4426557	["rpsF", "priB", "rpsR", "rplI"]
2228	4426628	4427422	["yjfZ"]
2229	4428079	4428717	["ytfB"]
2230	4428935	4429555	["fklB"]
2231	4429864	4431276	["cycA"]
2232	4431321	4431983	["ytfE"]
2233	4432091	4433056	["ytfF"]
2234	4433164	4434024	["qorB"]
2235	4434113	4434493	["ytfH"]
2236	4434622	4436565	["cpdB"]
2237	4436755	4437495	["cysQ"]
2238	4437707	4438645	["ytfI"]
2239	4438708	4439262	["ytfJ"]
2240	4439587	4439793	["ytfK"]
2241	4439872	4441215	["paeA"]
2242	4441538	4442176	["msrA"]
2243	4442382	4448235	["tamA", "tamB", "ytfP"]
2244	4448447	4449042	["chpS", "chpB"]
2245	4449122	4449652	["ppa"]
2246	4449962	4454578	["ytfQ", "ytfR", "ytfT", "yjfF"]
2247	4454611	4455609	["fbp"]
2248	4455785	4457158	["mpl"]
2249	4457314	4457865	["yjgA"]
2250	4457959	4459311	["tldE"]
2251	4459900	4462660	["nrdG", "nrdD"]
2252	4463054	4467246	["treC", "treB", "treR"]
2253	4467431	4467484	["mgtL"]
2254	4467625	4470321	["mgtA"]
2255	4470527	4472533	["ridA", "pyrI", "pyrB", "pyrL"]
2256	4472814	4474053	["yjgH", "bdcA"]
2257	4474124	4474717	["bdcR"]
2258	4474862	4475314	["tabA"]
2259	4475437	4477251	["yjgL"]
2260	4477307	4478311	["argI"]
2261	4478473	4478889	["rraB"]
2262	4479034	4479537	["yjgM"]
2263	4479730	4480926	["yjgN"]
2264	4480982	4485951	["valS", "holC", "pepA"]
2265	4486043	4486155	["ytgB", "ytgA"]
2266	4486218	4488400	["lptF", "lptG"]
2267	4488561	4490063	["yjgR"]
2268	4490141	4492525	["idnR", "idnT"]
2269	4492587	4494406	["idnO", "idnD"]
2270	4494623	4495186	["idnK"]
2271	4495190	4496209	["ahr"]
2272	4498272	4499500	["insC6", "insD6"]
2273	4501260	4501589	["yjgZ"]
2274	4502103	4503431	["insG"]
2275	4504058	4506573	["nanX", "nanY", "ythA"]
2276	4507197	4507451	["insO"]
2277	4509479	4509793	["CDS_20", "CDS_20_2"]
2278	4507466	4508617	["insI3"]
2279	4510690	4518235	["fecE", "fecD", "fecC", "fecB", "fecA", "fecR", "fecI"]
2280	4518372	4518440	["ykiE"]
2281	4518527	4518802	["insA7"]
2282	4519338	4520324	["yjhU"]
2283	4520671	4525803	["yjhF", "yjhG", "yjhH", "yjhI"]
2284	4526106	4527980	["sgcR", "sgcE", "sgcA"]
2285	4528111	4531651	["sgcQ", "sgcC", "sgcB", "sgcX"]
2286	4532437	4533183	["yjhP"]
2287	4533239	4534053	["yjhQ", "topAI"]
2288	4536597	4536695	["ythB"]
2289	4536614	4537594	["nanS"]
2290	4537659	4539501	["nanM", "nanC"]
2291	4540957	4542633	["fimB", "fimE"]
2292	4543115	4549710	["fimA", "fimI", "fimC", "fimD", "fimF", "fimG", "fimH"]
2293	4549953	4551296	["gntP"]
2294	4551636	4555349	["uxuA", "uxuB", "uxuR"]
2295	4555490	4556320	["yjiC"]
2296	4556574	4556797	["ytiC", "ytiD"]
2297	4556913	4557385	["idlP", "iraD"]
2298	4557378	4558289	["hypT"]
2299	4558354	4560680	["iadA", "yjiG", "yjiH"]
2300	4560930	4561484	["kptA"]
2301	4561497	4562675	["yjiJ"]
2302	4562743	4563603	["yjiK"]
2303	4563668	4565850	["ytiA", "yjiL", "yjiM"]
2304	4565966	4568519	["yjiN", "mdtM"]
2305	4568692	4568727	["ytiE"]
2306	4570162	4571574	["yjiR"]
2307	4571751	4571915	["yjiS"]
2308	4572414	4573931	["yjiT"]
2309	4576912	4578854	["mcrC", "mcrB"]
2310	4576912	4578854	["mcrB_2"]
2311	4579499	4579840	["symE"]
2312	4580068	4586761	["hsdS", "hsdM", "hsdR"]
2313	4586949	4587863	["mrr"]
2314	4587909	4591279	["yjiA", "yjiX", "btsT"]
2315	4591657	4593312	["tsr"]
2316	4593361	4594722	["lgoT"]
2317	4594937	4595851	["lgoR"]
2318	4595990	4597012	["lgoD"]
2319	4597150	4599441	["opgB"]
2320	4599695	4601517	["yjjA", "dnaC", "dnaT"]
2321	4601624	4602858	["yjjB", "yjjP"]
2322	4603477	4604837	["yjjQ", "bglJ"]
2323	4604875	4605663	["fhuF"]
2324	4605804	4606040	["yjjZ"]
2325	4606669	4607700	["rsmC"]
2326	4607803	4609323	["holD", "rimI", "yjjG"]
2327	4609414	4611003	["prfC"]
2328	4611396	4612001	["osmY"]
2329	4612128	4612289	["ytjA"]
2330	4612411	4614260	["yjjU", "yjjV"]
2331	4614680	4617065	["yjjW", "yjjI"]
2332	4617323	4621602	["deoC", "deoA", "deoB", "deoD"]
2333	4621769	4623100	["yjjJ"]
2334	4623101	4624789	["lplA", "ytjB"]
2335	4624895	4628547	["serB", "radA", "nadR"]
2336	4628855	4630522	["ettA"]
2337	4630733	4632670	["slt"]
2338	4632760	4633086	["trpR"]
2339	4633233	4633745	["yjjX"]
2340	4633797	4634444	["ytjC"]
2341	4634441	4635310	["rob"]
2342	4635521	4639530	["creA", "creB", "creC", "creD"]
2343	4639590	4640306	["arcA"]
2344	4640402	4640542	["yjjY"]
2345	4640718	4640771	["ytjE"]
